Years,GHG Emissions (MCO2e),Country
1990,8604.1,World
1990,725.4,China
1990,2159.8,United States
1990,1468.1,European Union (27)
1990,232,India
1990,1231.4,Russia
1990,438.3,Japan
1990,64.8,South Korea
1990,411.7,Germany
1990,145.8,South Africa
1990,71.1,Saudi Arabia
1990,142.8,Australia
1990,138,Canada
1990,47.8,Indonesia
1990,94.3,Mexico
1990,41.8,Iran
1990,228.9,Poland
1990,39.4,Turkey
1990,115.2,Kazakhstan
1990,247.9,United Kingdom
1990,19,Malaysia
1990,143.5,Italy
1990,30.7,Thailand
1990,357.3,Ukraine
1990,25.4,Egypt
1990,16.7,Iraq
1990,28.1,Brazil
1990,13.7,United Arab Emirates
1990,78,Spain
1990,4.9,Vietnam
1990,34.3,Argentina
1990,52.9,Netherlands
1990,67.6,Czech Republic
1990,20.7,Kuwait
1990,36.5,Venezuela
1990,10.7,Philippines
1990,7.7,Qatar
1990,74.9,France
1990,23.1,Algeria
1990,16,Pakistan
1990,19.8,Israel
1990,47.2,Uzbekistan
1990,10.6,Chile
1990,4.4,Bangladesh
1990,37,Greece
1990,40.4,Serbia
1990,62.3,Belarus
1990,79.5,Romania
1990,12.3,Colombia
1990,48.2,Bulgaria
1990,8.2,Nigeria
1990,13.1,Turkmenistan
1990,23.2,Singapore
1990,5.8,Oman
1990,9.5,Bahrain
1990,31.7,Belgium
1990,16.4,Portugal
1990,19.8,Finland
1990,8,Morocco
1990,19.9,Austria
1990,16.3,Libya
1990,3.9,Peru
1990,10.7,Bosnia and Herzegovina
1990,21.8,Azerbaijan
1990,26.6,Denmark
1990,7.3,Norway
1990,23.4,Hungary
1990,2.8,Lebanon
1990,10.8,Ireland
1990,26.7,Estonia
1990,4.7,Trinidad and Tobago
1990,8,Syria
1990,17.7,Slovakia
1990,3.2,Dominican Republic
1990,6.6,Mongolia
1990,12.8,Cuba
1990,3.4,Jordan
1990,9.7,Sweden
1990,1.6,Ecuador
1990,4,Tunisia
1990,0.1,Sri Lanka
1990,1.6,Myanmar
1990,0.5,Sudan
1990,4.6,New Zealand
1990,7,Zimbabwe
1990,1.5,Bolivia
1990,0.3,Guatemala
1990,6.4,Slovenia
1990,7.9,Croatia
1990,2.5,Brunei
1990,0.5,Angola
1990,16.2,North Korea
1990,0.6,Côte d'Ivoire
1990,1.5,Botswana
1990,5.6,Macedonia
1990,13.7,Moldova
1990,0,Honduras
1990,1.5,Yemen
1990,1.8,Cyprus
1990,2.5,Switzerland
1990,0.8,Senegal
1990,13.7,Lithuania
1990,0.1,Ghana
1990,2,Jamaica
1990,0.5,Panama
1990,0.4,Mauritius
1990,0,Cameroon
1990,3.9,Kyrgyzstan
1990,0.5,Kenya
1990,9.9,Latvia
1990,0.3,Tanzania
1990,0.2,El Salvador
1990,0.6,Nicaragua
1990,6.1,Armenia
1990,0.1,Mozambique
1990,17.1,Georgia
1990,0.3,Gabon
1990,0.2,Haiti
1990,0.5,Uruguay
1990,1.8,Malta
1990,0.2,Zambia
1990,1.5,Tajikistan
1990,0,Republic of Congo
1990,1.7,Luxembourg
1990,0,Benin
1990,0.7,Albania
1990,0.1,Costa Rica
1990,0,Paraguay
1990,0.1,Democratic Republic of the Congo
1990,0.1,Togo
1990,0,Iceland
1990,0,Nepal
1990,0.3,Ethiopia
1992,8904,World
1992,877.7,China
1992,2276.9,United States
1992,1426.4,European Union (27)
1992,278.6,India
1992,1218.6,Russia
1992,446.9,Japan
1992,88.2,South Korea
1992,392.7,Germany
1992,147.7,South Africa
1992,81.2,Saudi Arabia
1992,147.7,Australia
1992,145.8,Canada
1992,56.2,Indonesia
1992,107.6,Mexico
1992,45.9,Iran
1992,214.4,Poland
1992,44.7,Turkey
1992,111.9,Kazakhstan
1992,245.6,United Kingdom
1992,26.1,Malaysia
1992,138.4,Italy
1992,40.5,Thailand
1992,273,Ukraine
1992,27.6,Egypt
1992,29.7,Iraq
1992,29.8,Brazil
1992,14.9,United Arab Emirates
1992,88.8,Spain
1992,3,Vietnam
1992,37.7,Argentina
1992,55.3,Netherlands
1992,64.4,Czech Republic
1992,12.1,Kuwait
1992,36.7,Venezuela
1992,12.9,Philippines
1992,9.3,Qatar
1992,74.3,France
1992,24,Algeria
1992,20.3,Pakistan
1992,22.9,Israel
1992,48.2,Uzbekistan
1992,7,Chile
1992,5.2,Bangladesh
1992,38.9,Greece
1992,34.2,Serbia
1992,54.7,Belarus
1992,85.3,Romania
1992,13.4,Colombia
1992,37.5,Bulgaria
1992,11.4,Nigeria
1992,5.9,Turkmenistan
1992,25.5,Singapore
1992,6.1,Oman
1992,10.8,Bahrain
1992,31.4,Belgium
1992,20.3,Portugal
1992,19.1,Finland
1992,8.4,Morocco
1992,17.5,Austria
1992,15.2,Libya
1992,4.1,Peru
1992,6.9,Bosnia and Herzegovina
1992,23,Azerbaijan
1992,30.5,Denmark
1992,10.3,Norway
1992,24.6,Hungary
1992,2.7,Lebanon
1992,12.1,Ireland
1992,19.2,Estonia
1992,5.3,Trinidad and Tobago
1992,8.4,Syria
1992,16.6,Slovakia
1992,4.3,Dominican Republic
1992,8,Mongolia
1992,9,Cuba
1992,4.4,Jordan
1992,11.7,Sweden
1992,2.4,Ecuador
1992,4.7,Tunisia
1992,0.8,Sri Lanka
1992,1.7,Myanmar
1992,0.5,Sudan
1992,6.1,New Zealand
1992,8.9,Zimbabwe
1992,1.6,Bolivia
1992,0.9,Guatemala
1992,6.1,Slovenia
1992,6.2,Croatia
1992,2.7,Brunei
1992,0.3,Angola
1992,13.8,North Korea
1992,0.7,Côte d'Ivoire
1992,1.7,Botswana
1992,5.7,Macedonia
1992,13.2,Moldova
1992,0.1,Honduras
1992,2.3,Yemen
1992,2.1,Cyprus
1992,3.1,Switzerland
1992,0.9,Senegal
1992,8.6,Lithuania
1992,0.1,Ghana
1992,3.7,Jamaica
1992,1.2,Panama
1992,0.5,Mauritius
1992,0,Cameroon
1992,2.7,Kyrgyzstan
1992,0.5,Kenya
1992,7.2,Latvia
1992,0.3,Tanzania
1992,0.6,El Salvador
1992,0.8,Nicaragua
1992,4.9,Armenia
1992,0.1,Mozambique
1992,8.8,Georgia
1992,0.3,Gabon
1992,0.1,Haiti
1992,1.1,Uruguay
1992,1.5,Malta
1992,0.2,Zambia
1992,1.7,Tajikistan
1992,0,Republic of Congo
1992,0.3,Eritrea
1992,1.7,Luxembourg
1992,0,Benin
1992,0,Namibia
1992,0.4,Albania
1992,0.7,Costa Rica
1992,0,Paraguay
1992,0,Democratic Republic of the Congo
1992,0,Togo
1992,0,Iceland
1992,0,Nepal
1992,0,Ethiopia
1991,8741.4,World
1991,794.3,China
1991,2179.9,United States
1991,1456.4,European Union (27)
1991,258.9,India
1991,1261.6,Russia
1991,440.1,Japan
1991,76.4,South Korea
1991,409.3,Germany
1991,145.4,South Africa
1991,74.7,Saudi Arabia
1991,145.2,Australia
1991,138.8,Canada
1991,54.1,Indonesia
1991,106.6,Mexico
1991,44.9,Iran
1991,222.9,Poland
1991,41.5,Turkey
1991,114.2,Kazakhstan
1991,246.2,United Kingdom
1991,26.5,Malaysia
1991,139,Italy
1991,37.1,Thailand
1991,319.5,Ukraine
1991,26.9,Egypt
1991,14.2,Iraq
1991,28,Brazil
1991,13.9,United Arab Emirates
1991,79.2,Spain
1991,3.6,Vietnam
1991,38.3,Argentina
1991,54.6,Netherlands
1991,66.3,Czech Republic
1991,4.9,Kuwait
1991,32.9,Venezuela
1991,12,Philippines
1991,8.9,Qatar
1991,85.9,France
1991,24.1,Algeria
1991,17.7,Pakistan
1991,20.1,Israel
1991,47.2,Uzbekistan
1991,8.3,Chile
1991,4.6,Bangladesh
1991,36.4,Greece
1991,35.9,Serbia
1991,58.8,Belarus
1991,68.2,Romania
1991,12.8,Colombia
1991,38.4,Bulgaria
1991,9.6,Nigeria
1991,11.7,Turkmenistan
1991,23.9,Singapore
1991,5.9,Oman
1991,9.1,Bahrain
1991,32.3,Belgium
1991,17.1,Portugal
1991,21.5,Finland
1991,7.8,Morocco
1991,20.9,Austria
1991,15.8,Libya
1991,3.5,Peru
1991,8.7,Bosnia and Herzegovina
1991,22.5,Azerbaijan
1991,35.5,Denmark
1991,7,Norway
1991,24.1,Hungary
1991,3.2,Lebanon
1991,11.4,Ireland
1991,24.4,Estonia
1991,4.9,Trinidad and Tobago
1991,8.1,Syria
1991,17.2,Slovakia
1991,3.7,Dominican Republic
1991,8.2,Mongolia
1991,11,Cuba
1991,3.7,Jordan
1991,11.9,Sweden
1991,1.9,Ecuador
1991,4.4,Tunisia
1991,0.3,Sri Lanka
1991,1.6,Myanmar
1991,0.6,Sudan
1991,4.9,New Zealand
1991,8.7,Zimbabwe
1991,1.4,Bolivia
1991,0.3,Guatemala
1991,5.5,Slovenia
1991,5.6,Croatia
1991,2.6,Brunei
1991,0.5,Angola
1991,15,North Korea
1991,0.6,Côte d'Ivoire
1991,1.4,Botswana
1991,5.7,Macedonia
1991,12.7,Moldova
1991,0,Honduras
1991,2.1,Yemen
1991,1.8,Cyprus
1991,3,Switzerland
1991,0.8,Senegal
1991,14.7,Lithuania
1991,0.1,Ghana
1991,2,Jamaica
1991,0.8,Panama
1991,0.5,Mauritius
1991,0,Cameroon
1991,3.9,Kyrgyzstan
1991,0.4,Kenya
1991,8.9,Latvia
1991,0.3,Tanzania
1991,0.6,El Salvador
1991,0.6,Nicaragua
1991,7.8,Armenia
1991,0.1,Mozambique
1991,11.1,Georgia
1991,0.3,Gabon
1991,0.2,Haiti
1991,0.8,Uruguay
1991,1.6,Malta
1991,0.2,Zambia
1991,1.5,Tajikistan
1991,0,Republic of Congo
1991,1.8,Luxembourg
1991,0,Benin
1991,0.1,Namibia
1991,0.5,Albania
1991,0.3,Costa Rica
1991,0,Paraguay
1991,0,Democratic Republic of the Congo
1991,0.1,Togo
1991,0,Iceland
1991,0,Nepal
1991,0.3,Ethiopia
1993,8953.4,World
1993,997.7,China
1993,2335.5,United States
1993,1376.4,European Union (27)
1993,306.7,India
1993,1101.7,Russia
1993,431.3,Japan
1993,97.4,South Korea
1993,384.3,Germany
1993,157.5,South Africa
1993,89.1,Saudi Arabia
1993,149.2,Australia
1993,137.4,Canada
1993,62.7,Indonesia
1993,114.2,Mexico
1993,54.3,Iran
1993,201.2,Poland
1993,45,Turkey
1993,102.4,Kazakhstan
1993,224.3,United Kingdom
1993,29.8,Malaysia
1993,134.8,Italy
1993,43.8,Thailand
1993,260.1,Ukraine
1993,27.5,Egypt
1993,46.5,Iraq
1993,30.1,Brazil
1993,17.1,United Arab Emirates
1993,78.2,Spain
1993,2.8,Vietnam
1993,34,Argentina
1993,57.2,Netherlands
1993,65.2,Czech Republic
1993,16.1,Kuwait
1993,37.3,Venezuela
1993,13,Philippines
1993,10,Qatar
1993,61.5,France
1993,25.2,Algeria
1993,22.5,Pakistan
1993,24.4,Israel
1993,47.1,Uzbekistan
1993,7.1,Chile
1993,5.8,Bangladesh
1993,38.9,Greece
1993,31.5,Serbia
1993,46.3,Belarus
1993,82.2,Romania
1993,13.9,Colombia
1993,38,Bulgaria
1993,11.6,Nigeria
1993,8.3,Turkmenistan
1993,30.2,Singapore
1993,6.5,Oman
1993,11.6,Bahrain
1993,31.3,Belgium
1993,19,Portugal
1993,22.2,Finland
1993,9.2,Morocco
1993,17.7,Austria
1993,15.6,Libya
1993,4.1,Peru
1993,6,Bosnia and Herzegovina
1993,22.4,Azerbaijan
1993,32.1,Denmark
1993,11.4,Norway
1993,24.9,Hungary
1993,3.2,Lebanon
1993,12.1,Ireland
1993,14.1,Estonia
1993,5.2,Trinidad and Tobago
1993,8.7,Syria
1993,18.2,Slovakia
1993,4,Dominican Republic
1993,7.2,Mongolia
1993,9.3,Cuba
1993,4.5,Jordan
1993,11.9,Sweden
1993,1.9,Ecuador
1993,4.8,Tunisia
1993,0.4,Sri Lanka
1993,1.9,Myanmar
1993,0.9,Sudan
1993,5.3,New Zealand
1993,8.1,Zimbabwe
1993,1.6,Bolivia
1993,0.9,Guatemala
1993,6,Slovenia
1993,6.7,Croatia
1993,3,Brunei
1993,0.3,Angola
1993,11.5,North Korea
1993,0.9,Côte d'Ivoire
1993,1.7,Botswana
1993,5.9,Macedonia
1993,10.5,Moldova
1993,0.2,Honduras
1993,2.1,Yemen
1993,2.3,Cyprus
1993,2.8,Switzerland
1993,0.9,Senegal
1993,7.3,Lithuania
1993,0.1,Ghana
1993,4.8,Jamaica
1993,1,Panama
1993,0.6,Mauritius
1993,0,Cameroon
1993,1.5,Kyrgyzstan
1993,0.5,Kenya
1993,5.3,Latvia
1993,0.3,Tanzania
1993,0.8,El Salvador
1993,0.8,Nicaragua
1993,0.8,Armenia
1993,0.1,Mozambique
1993,6.1,Georgia
1993,0.3,Gabon
1993,0.1,Haiti
1993,0.6,Uruguay
1993,2.1,Malta
1993,0.2,Zambia
1993,1.3,Tajikistan
1993,0,Republic of Congo
1993,0.3,Eritrea
1993,1.7,Luxembourg
1993,0,Benin
1993,0.2,Namibia
1993,0.5,Albania
1993,0.5,Costa Rica
1993,0,Paraguay
1993,0,Democratic Republic of the Congo
1993,0.1,Togo
1993,0,Iceland
1993,0.1,Nepal
1993,0,Ethiopia
1994,9051,World
1994,1082.9,China
1994,2360.8,United States
1994,1377,European Union (27)
1994,319.8,India
1994,1014.7,Russia
1994,474.8,Japan
1994,108.8,South Korea
1994,384.9,Germany
1994,161.4,South Africa
1994,91.1,Saudi Arabia
1994,151.9,Australia
1994,142,Canada
1994,63.9,Indonesia
1994,130.4,Mexico
1994,57.7,Iran
1994,200.4,Poland
1994,50.6,Turkey
1994,105.2,Kazakhstan
1994,218.6,United Kingdom
1994,31.4,Malaysia
1994,137.4,Italy
1994,48.4,Thailand
1994,220.5,Ukraine
1994,26.9,Egypt
1994,55.9,Iraq
1994,29.9,Brazil
1994,18.8,United Arab Emirates
1994,80.1,Spain
1994,3.7,Vietnam
1994,32.5,Argentina
1994,60.4,Netherlands
1994,64.9,Czech Republic
1994,21.2,Kuwait
1994,37.8,Venezuela
1994,15.2,Philippines
1994,10.5,Qatar
1994,61.3,France
1994,24.9,Algeria
1994,23.5,Pakistan
1994,26.1,Israel
1994,41.7,Uzbekistan
1994,9.2,Chile
1994,6.1,Bangladesh
1994,40.3,Greece
1994,28.8,Serbia
1994,42.2,Belarus
1994,69.6,Romania
1994,12.4,Colombia
1994,34.9,Bulgaria
1994,10.6,Nigeria
1994,11.2,Turkmenistan
1994,31.5,Singapore
1994,7.1,Oman
1994,11.9,Bahrain
1994,33.5,Belgium
1994,19,Portugal
1994,26.9,Finland
1994,10.2,Morocco
1994,19.3,Austria
1994,18.2,Libya
1994,3.8,Peru
1994,0.7,Bosnia and Herzegovina
1994,16.9,Azerbaijan
1994,36.2,Denmark
1994,12.1,Norway
1994,24.3,Hungary
1994,3.5,Lebanon
1994,12.7,Ireland
1994,13.8,Estonia
1994,5.2,Trinidad and Tobago
1994,10.5,Syria
1994,16.3,Slovakia
1994,4.9,Dominican Republic
1994,6.6,Mongolia
1994,10.4,Cuba
1994,4.7,Jordan
1994,12.5,Sweden
1994,1.8,Ecuador
1994,4.7,Tunisia
1994,0.5,Sri Lanka
1994,2.1,Myanmar
1994,0.7,Sudan
1994,4.7,New Zealand
1994,8.5,Zimbabwe
1994,1.8,Bolivia
1994,0.9,Guatemala
1994,5.6,Slovenia
1994,5.4,Croatia
1994,3.1,Brunei
1994,0.3,Angola
1994,12.1,North Korea
1994,1.1,Côte d'Ivoire
1994,1.7,Botswana
1994,5.9,Macedonia
1994,8.1,Moldova
1994,0.3,Honduras
1994,2.4,Yemen
1994,2.4,Cyprus
1994,3,Switzerland
1994,1,Senegal
1994,7.3,Lithuania
1994,0.1,Ghana
1994,4.1,Jamaica
1994,1.1,Panama
1994,0.6,Mauritius
1994,0,Cameroon
1994,1.2,Kyrgyzstan
1994,0.5,Kenya
1994,4.4,Latvia
1994,0.4,Tanzania
1994,1.2,El Salvador
1994,0.9,Nicaragua
1994,0.8,Armenia
1994,0,Mozambique
1994,4.5,Georgia
1994,0.3,Gabon
1994,0,Haiti
1994,0.1,Uruguay
1994,1.8,Malta
1994,0.1,Zambia
1994,0.7,Tajikistan
1994,0,Republic of Congo
1994,0.3,Eritrea
1994,1.4,Luxembourg
1994,0,Benin
1994,0.2,Namibia
1994,0.6,Albania
1994,0.9,Costa Rica
1994,0,Paraguay
1994,0,Democratic Republic of the Congo
1994,0.1,Togo
1994,0,Iceland
1994,0.1,Nepal
1994,0,Ethiopia
2002,10999,World
2002,1840.5,China
2002,2679.8,United States
2002,1405.6,European Union (27)
2002,513.6,India
2002,934,Russia
2002,501,Japan
2002,191.2,South Korea
2002,378.7,Germany
2002,230.6,South Africa
2002,125.4,Saudi Arabia
2002,218.7,Australia
2002,193.6,Canada
2002,109.2,Indonesia
2002,174.6,Mexico
2002,102.6,Iran
2002,167.9,Poland
2002,71.5,Turkey
2002,85.6,Kazakhstan
2002,230.1,United Kingdom
2002,57.7,Malaysia
2002,158.9,Italy
2002,69.7,Thailand
2002,135.4,Ukraine
2002,41.9,Egypt
2002,28.6,Iraq
2002,49.9,Brazil
2002,37.9,United Arab Emirates
2002,118.7,Spain
2002,15.6,Vietnam
2002,36.6,Argentina
2002,71,Netherlands
2002,68.5,Czech Republic
2002,38.7,Kuwait
2002,49,Venezuela
2002,24.7,Philippines
2002,16,Qatar
2002,72.6,France
2002,32.2,Algeria
2002,35.3,Pakistan
2002,40.3,Israel
2002,43.3,Uzbekistan
2002,15.8,Chile
2002,11.5,Bangladesh
2002,48,Greece
2002,33.1,Serbia
2002,34,Belarus
2002,49.7,Romania
2002,13.5,Colombia
2002,26.7,Bulgaria
2002,15,Nigeria
2002,15.7,Turkmenistan
2002,31.6,Singapore
2002,15,Oman
2002,15.1,Bahrain
2002,29.5,Belgium
2002,27.1,Portugal
2002,33.9,Finland
2002,14,Morocco
2002,22.1,Austria
2002,22.4,Libya
2002,4.8,Peru
2002,9.6,Bosnia and Herzegovina
2002,14,Azerbaijan
2002,27.9,Denmark
2002,10.7,Norway
2002,22.6,Hungary
2002,8.5,Lebanon
2002,16.3,Ireland
2002,11,Estonia
2002,7.9,Trinidad and Tobago
2002,18.8,Syria
2002,15,Slovakia
2002,10.5,Dominican Republic
2002,7,Mongolia
2002,12.8,Cuba
2002,6.6,Jordan
2002,11.7,Sweden
2002,4.8,Ecuador
2002,6.9,Tunisia
2002,3.5,Sri Lanka
2002,2.7,Myanmar
2002,2.1,Sudan
2002,8.6,New Zealand
2002,6.4,Zimbabwe
2002,1.8,Bolivia
2002,3,Guatemala
2002,6.4,Slovenia
2002,7.5,Croatia
2002,3.3,Brunei
2002,1,Angola
2002,11.5,North Korea
2002,2.7,Côte d'Ivoire
2002,1.3,Botswana
2002,5.8,Macedonia
2002,4,Moldova
2002,1.5,Honduras
2002,4.5,Yemen
2002,3,Cyprus
2002,3.4,Switzerland
2002,1.5,Senegal
2002,0.6,Cambodia
2002,5.4,Lithuania
2002,2,Ghana
2002,5.6,Jamaica
2002,1.5,Panama
2002,1.3,Mauritius
2002,0.1,Cameroon
2002,1.6,Kyrgyzstan
2002,1.1,Kenya
2002,2.4,Latvia
2002,0.1,Tanzania
2002,1.5,El Salvador
2002,1.6,Nicaragua
2002,0.9,Armenia
2002,0,Mozambique
2002,0.8,Georgia
2002,0.4,Gabon
2002,0.2,Haiti
2002,0.3,Suriname
2002,0.2,Uruguay
2002,1.9,Malta
2002,0,Zambia
2002,0.5,Tajikistan
2002,0.2,Niger
2002,0,Republic of Congo
2002,0.3,Eritrea
2002,1.2,Luxembourg
2002,0.1,Benin
2002,0,Namibia
2002,0.4,Albania
2002,0.2,Costa Rica
2002,0,Paraguay
2002,0,Democratic Republic of the Congo
2002,0.1,Togo
2002,0,Iceland
2002,0,Nepal
2002,0,Ethiopia
2003,11622.2,World
2003,2178.7,China
2003,2707.7,United States
2003,1450.5,European Union (27)
2003,536.4,India
2003,956.8,Russia
2003,520.6,Japan
2003,195.9,South Korea
2003,384.3,Germany
2003,245.7,South Africa
2003,131.8,Saudi Arabia
2003,214.6,Australia
2003,203.3,Canada
2003,121.5,Indonesia
2003,186.4,Mexico
2003,107.3,Iran
2003,176.2,Poland
2003,72.4,Turkey
2003,93.4,Kazakhstan
2003,241.5,United Kingdom
2003,61,Malaysia
2003,164.6,Italy
2003,72.8,Thailand
2003,153.9,Ukraine
2003,46.9,Egypt
2003,32.3,Iraq
2003,50.1,Brazil
2003,41.9,United Arab Emirates
2003,112.2,Spain
2003,15.8,Vietnam
2003,40.4,Argentina
2003,72.3,Netherlands
2003,69.4,Czech Republic
2003,37.5,Kuwait
2003,49.1,Venezuela
2003,26.9,Philippines
2003,17.9,Qatar
2003,75.3,France
2003,32.4,Algeria
2003,31.7,Pakistan
2003,41.1,Israel
2003,42.1,Uzbekistan
2003,17.1,Chile
2003,11.6,Bangladesh
2003,49,Greece
2003,34.7,Serbia
2003,34,Belarus
2003,54.2,Romania
2003,13.6,Colombia
2003,29.5,Bulgaria
2003,13.3,Nigeria
2003,16.4,Turkmenistan
2003,27.8,Singapore
2003,15.4,Oman
2003,15.6,Bahrain
2003,30.6,Belgium
2003,23.1,Portugal
2003,42.1,Finland
2003,14.5,Morocco
2003,24,Austria
2003,23.9,Libya
2003,4.9,Peru
2003,10.3,Bosnia and Herzegovina
2003,16.3,Azerbaijan
2003,32.7,Denmark
2003,11.6,Norway
2003,23.6,Hungary
2003,8.6,Lebanon
2003,15.5,Ireland
2003,12.8,Estonia
2003,10.4,Trinidad and Tobago
2003,20.4,Syria
2003,17.1,Slovakia
2003,9.2,Dominican Republic
2003,6.5,Mongolia
2003,13.4,Cuba
2003,5.9,Jordan
2003,13,Sweden
2003,4.5,Ecuador
2003,5.8,Tunisia
2003,3.9,Sri Lanka
2003,3.2,Myanmar
2003,2.3,Sudan
2003,10.2,New Zealand
2003,4.7,Zimbabwe
2003,2.1,Bolivia
2003,3.1,Guatemala
2003,6.2,Slovenia
2003,8.2,Croatia
2003,4.1,Brunei
2003,1.2,Angola
2003,11.7,North Korea
2003,2.2,Côte d'Ivoire
2003,1.4,Botswana
2003,6.1,Macedonia
2003,4.2,Moldova
2003,1.6,Honduras
2003,4.6,Yemen
2003,3.5,Cyprus
2003,3.5,Switzerland
2003,1.4,Senegal
2003,0.6,Cambodia
2003,5.3,Lithuania
2003,1.7,Ghana
2003,5.9,Jamaica
2003,2,Panama
2003,1.4,Mauritius
2003,0.1,Cameroon
2003,1.7,Kyrgyzstan
2003,0.9,Kenya
2003,2.5,Latvia
2003,0.1,Tanzania
2003,1.5,El Salvador
2003,1.6,Nicaragua
2003,0.9,Armenia
2003,0,Mozambique
2003,0.8,Georgia
2003,0.5,Gabon
2003,0.2,Haiti
2003,0.3,Suriname
2003,0.3,Uruguay
2003,2.1,Malta
2003,0,Zambia
2003,0.5,Tajikistan
2003,0.2,Niger
2003,0,Republic of Congo
2003,0.3,Eritrea
2003,1.2,Luxembourg
2003,0.1,Benin
2003,0,Namibia
2003,0.4,Albania
2003,0.2,Costa Rica
2003,0,Paraguay
2003,0,Democratic Republic of the Congo
2003,0,Togo
2003,0,Iceland
2003,0,Nepal
2003,0,Ethiopia
1999,10137.4,World
1999,1432.8,China
1999,2769.6,United States
1999,1345.7,European Union (27)
1999,459.6,India
1999,917.5,Russia
1999,470,Japan
1999,142.3,South Korea
1999,359.1,Germany
1999,184.4,South Africa
1999,112.5,Saudi Arabia
1999,194.1,Australia
1999,177.1,Canada
1999,95.6,Indonesia
1999,152.8,Mexico
1999,89.4,Iran
1999,174.8,Poland
1999,71.9,Turkey
1999,58.8,Kazakhstan
1999,215.1,United Kingdom
1999,48.7,Malaysia
1999,147.4,Italy
1999,62.2,Thailand
1999,145,Ukraine
1999,36.7,Egypt
1999,18.9,Iraq
1999,45.4,Brazil
1999,28.1,United Arab Emirates
1999,106.7,Spain
1999,9.6,Vietnam
1999,44.4,Argentina
1999,65.4,Netherlands
1999,62.9,Czech Republic
1999,30.9,Kuwait
1999,41.8,Venezuela
1999,21.2,Philippines
1999,16,Qatar
1999,74.2,France
1999,29.3,Algeria
1999,33,Pakistan
1999,33.2,Israel
1999,40.7,Uzbekistan
1999,21.1,Chile
1999,8.8,Bangladesh
1999,41.8,Greece
1999,28.5,Serbia
1999,35,Belarus
1999,47.8,Romania
1999,12.5,Colombia
1999,26.8,Bulgaria
1999,12.5,Nigeria
1999,11.4,Turkmenistan
1999,31.7,Singapore
1999,10.7,Oman
1999,13.7,Bahrain
1999,29.9,Belgium
1999,26.5,Portugal
1999,24.5,Finland
1999,11,Morocco
1999,20,Austria
1999,18.2,Libya
1999,4.8,Peru
1999,7.8,Bosnia and Herzegovina
1999,15.9,Azerbaijan
1999,29.5,Denmark
1999,14.3,Norway
1999,26.6,Hungary
1999,8.1,Lebanon
1999,15.6,Ireland
1999,11.8,Estonia
1999,5.9,Trinidad and Tobago
1999,15.8,Syria
1999,16.4,Slovakia
1999,9.3,Dominican Republic
1999,6.1,Mongolia
1999,10.3,Cuba
1999,5.8,Jordan
1999,11.7,Sweden
1999,4,Ecuador
1999,6.3,Tunisia
1999,1.5,Sri Lanka
1999,3.2,Myanmar
1999,1.1,Sudan
1999,8.1,New Zealand
1999,6,Zimbabwe
1999,1.5,Bolivia
1999,1.8,Guatemala
1999,5.6,Slovenia
1999,6.8,Croatia
1999,3.1,Brunei
1999,0.8,Angola
1999,10.5,North Korea
1999,2.5,Côte d'Ivoire
1999,1.7,Botswana
1999,6.3,Macedonia
1999,4.4,Moldova
1999,0.8,Honduras
1999,4,Yemen
1999,2.8,Cyprus
1999,3.4,Switzerland
1999,1.3,Senegal
1999,0.3,Cambodia
1999,6,Lithuania
1999,1.2,Ghana
1999,5.5,Jamaica
1999,1.2,Panama
1999,1,Mauritius
1999,0,Cameroon
1999,1.7,Kyrgyzstan
1999,1.4,Kenya
1999,3.2,Latvia
1999,0.2,Tanzania
1999,1,El Salvador
1999,1.4,Nicaragua
1999,1.5,Armenia
1999,0,Mozambique
1999,1.4,Georgia
1999,0.5,Gabon
1999,0.2,Haiti
1999,1.6,Uruguay
1999,1.7,Malta
1999,0,Zambia
1999,0.7,Tajikistan
1999,0,Republic of Congo
1999,0.3,Eritrea
1999,0.2,Luxembourg
1999,0,Benin
1999,0,Namibia
1999,0.3,Albania
1999,0.1,Costa Rica
1999,0,Paraguay
1999,0,Democratic Republic of the Congo
1999,0.1,Togo
1999,0,Iceland
1999,0.1,Nepal
1999,0,Ethiopia
2007,13454.9,World
2007,3172.5,China
2007,2789.4,United States
2007,1482.1,European Union (27)
2007,701.2,India
2007,965.6,Russia
2007,568.6,Japan
2007,254.2,South Korea
2007,392.2,Germany
2007,265.5,South Africa
2007,157.9,Saudi Arabia
2007,242.8,Australia
2007,230.2,Canada
2007,138.6,Indonesia
2007,193.7,Mexico
2007,145.1,Iran
2007,175.4,Poland
2007,106.6,Turkey
2007,115.2,Kazakhstan
2007,242.3,United Kingdom
2007,86.3,Malaysia
2007,179.6,Italy
2007,96,Thailand
2007,139.3,Ukraine
2007,67.6,Egypt
2007,17.7,Iraq
2007,57.2,Brazil
2007,57,United Arab Emirates
2007,136.5,Spain
2007,28.9,Vietnam
2007,56,Argentina
2007,70.6,Netherlands
2007,72.8,Czech Republic
2007,48.5,Kuwait
2007,57.4,Venezuela
2007,29,Philippines
2007,27.2,Qatar
2007,79.1,France
2007,33.9,Algeria
2007,43.4,Pakistan
2007,44.4,Israel
2007,41.5,Uzbekistan
2007,26.4,Chile
2007,18,Bangladesh
2007,52.2,Greece
2007,31.3,Serbia
2007,34.9,Belarus
2007,49.1,Romania
2007,12.5,Colombia
2007,32.4,Bulgaria
2007,17,Nigeria
2007,21.1,Turkmenistan
2007,27.1,Singapore
2007,16.6,Oman
2007,19.7,Bahrain
2007,29.3,Belgium
2007,22.2,Portugal
2007,36.4,Finland
2007,16.7,Morocco
2007,23.9,Austria
2007,22.7,Libya
2007,7.9,Peru
2007,12.5,Bosnia and Herzegovina
2007,14.6,Azerbaijan
2007,26.6,Denmark
2007,12.5,Norway
2007,20.8,Hungary
2007,8.1,Lebanon
2007,14.8,Ireland
2007,14.9,Estonia
2007,13.3,Trinidad and Tobago
2007,26.5,Syria
2007,14.9,Slovakia
2007,9.5,Dominican Republic
2007,8,Mongolia
2007,13.5,Cuba
2007,8.2,Jordan
2007,9.9,Sweden
2007,7.1,Ecuador
2007,7.2,Tunisia
2007,4.1,Sri Lanka
2007,3.1,Myanmar
2007,3.5,Sudan
2007,10.2,New Zealand
2007,3.5,Zimbabwe
2007,2.8,Bolivia
2007,3.4,Guatemala
2007,6.5,Slovenia
2007,8.1,Croatia
2007,3.7,Brunei
2007,1.1,Angola
2007,10.3,North Korea
2007,2.4,Côte d'Ivoire
2007,1.1,Botswana
2007,5.9,Macedonia
2007,3.7,Moldova
2007,2.7,Honduras
2007,6.5,Yemen
2007,3.8,Cyprus
2007,3.8,Switzerland
2007,1.7,Senegal
2007,1.2,Cambodia
2007,4.7,Lithuania
2007,2.6,Ghana
2007,3.7,Jamaica
2007,2.1,Panama
2007,1.9,Mauritius
2007,1.4,Cameroon
2007,1.9,Kyrgyzstan
2007,1.9,Kenya
2007,2.1,Latvia
2007,1.3,Tanzania
2007,1.8,El Salvador
2007,1.8,Nicaragua
2007,1.1,Armenia
2007,1,Montenegro
2007,0,Mozambique
2007,1.8,Georgia
2007,0.8,Gabon
2007,0.2,Haiti
2007,0.4,Suriname
2007,1.3,Uruguay
2007,2,Malta
2007,0,Zambia
2007,0.3,Tajikistan
2007,0.2,Niger
2007,0,Republic of Congo
2007,0.3,Eritrea
2007,1.3,Luxembourg
2007,0.1,Benin
2007,0.2,Namibia
2007,0.3,Albania
2007,0.8,Costa Rica
2007,0,Paraguay
2007,0,Democratic Republic of the Congo
2007,0.1,Togo
2007,0,Iceland
2007,0,Nepal
2007,0.3,Ethiopia
2000,10554.2,World
2000,1575.3,China
2000,2801.3,United States
2000,1364.3,European Union (27)
2000,491.2,India
2000,930.3,Russia
2000,478.5,Japan
2000,183.9,South Korea
2000,364.1,Germany
2000,191.9,South Africa
2000,117.5,Saudi Arabia
2000,196.9,Australia
2000,189,Canada
2000,89.4,Indonesia
2000,168.5,Mexico
2000,91,Iran
2000,172.2,Poland
2000,75,Turkey
2000,71.4,Kazakhstan
2000,225.6,United Kingdom
2000,52.7,Malaysia
2000,152.9,Italy
2000,64.3,Thailand
2000,140.2,Ukraine
2000,34.5,Egypt
2000,25,Iraq
2000,50.1,Brazil
2000,31.1,United Arab Emirates
2000,110.8,Spain
2000,11.5,Vietnam
2000,45,Argentina
2000,66.9,Netherlands
2000,69.6,Czech Republic
2000,32.4,Kuwait
2000,48.2,Venezuela
2000,25.5,Philippines
2000,13.8,Qatar
2000,77.2,France
2000,29.1,Algeria
2000,34.5,Pakistan
2000,36.1,Israel
2000,41.5,Uzbekistan
2000,16.5,Chile
2000,9,Bangladesh
2000,47.7,Greece
2000,32.1,Serbia
2000,34.2,Belarus
2000,49.4,Romania
2000,13.7,Colombia
2000,26.5,Bulgaria
2000,13.7,Nigeria
2000,14.1,Turkmenistan
2000,33.1,Singapore
2000,13.3,Oman
2000,14.1,Bahrain
2000,31.3,Belgium
2000,24,Portugal
2000,26,Finland
2000,11.3,Morocco
2000,19.7,Austria
2000,20.1,Libya
2000,4.8,Peru
2000,9,Bosnia and Herzegovina
2000,16.3,Azerbaijan
2000,26.5,Denmark
2000,9.9,Norway
2000,23.8,Hungary
2000,7.2,Lebanon
2000,15.7,Ireland
2000,11.3,Estonia
2000,5.9,Trinidad and Tobago
2000,16.3,Syria
2000,14.4,Slovakia
2000,9.6,Dominican Republic
2000,6.6,Mongolia
2000,10.8,Cuba
2000,5.8,Jordan
2000,9.8,Sweden
2000,4,Ecuador
2000,6.4,Tunisia
2000,3.4,Sri Lanka
2000,2.8,Myanmar
2000,1.4,Sudan
2000,7.9,New Zealand
2000,5.4,Zimbabwe
2000,1.8,Bolivia
2000,2.4,Guatemala
2000,5.7,Slovenia
2000,6.3,Croatia
2000,3.4,Brunei
2000,0.9,Angola
2000,11.5,North Korea
2000,2.3,Côte d'Ivoire
2000,1.7,Botswana
2000,6.1,Macedonia
2000,4.1,Moldova
2000,1,Honduras
2000,4.4,Yemen
2000,3,Cyprus
2000,3.2,Switzerland
2000,1.5,Senegal
2000,0.4,Cambodia
2000,5,Lithuania
2000,0.6,Ghana
2000,5.5,Jamaica
2000,1.3,Panama
2000,1.2,Mauritius
2000,0,Cameroon
2000,2,Kyrgyzstan
2000,2.2,Kenya
2000,2.7,Latvia
2000,0.4,Tanzania
2000,1.1,El Salvador
2000,1.5,Nicaragua
2000,1.6,Armenia
2000,0,Mozambique
2000,1.7,Georgia
2000,0.5,Gabon
2000,0.2,Haiti
2000,0.3,Suriname
2000,0.7,Uruguay
2000,1.6,Malta
2000,0,Zambia
2000,0.6,Tajikistan
2000,0.2,Niger
2000,0,Republic of Congo
2000,0.3,Eritrea
2000,0.2,Luxembourg
2000,0,Benin
2000,0,Namibia
2000,0.4,Albania
2000,0.1,Costa Rica
2000,0,Paraguay
2000,0,Democratic Republic of the Congo
2000,0.1,Togo
2000,0,Iceland
2000,0,Nepal
2000,0,Ethiopia
2001,10814,World
2001,1661.2,China
2001,2812.8,United States
2001,1381.8,European Union (27)
2001,505.3,India
2001,929.2,Russia
2001,470.3,Japan
2001,199.1,South Korea
2001,377.2,Germany
2001,227.3,South Africa
2001,119.9,Saudi Arabia
2001,204.3,Australia
2001,194.3,Canada
2001,100,Indonesia
2001,172.6,Mexico
2001,97,Iran
2001,173.9,Poland
2001,76.7,Turkey
2001,67.5,Kazakhstan
2001,234.5,United Kingdom
2001,54.9,Malaysia
2001,149.2,Italy
2001,67.5,Thailand
2001,135.5,Ukraine
2001,39.4,Egypt
2001,31.6,Iraq
2001,54.7,Brazil
2001,34.2,United Arab Emirates
2001,103.6,Spain
2001,12.3,Vietnam
2001,39,Argentina
2001,70,Netherlands
2001,70.1,Czech Republic
2001,36.6,Kuwait
2001,51.2,Venezuela
2001,25.3,Philippines
2001,14.8,Qatar
2001,69.9,France
2001,30.2,Algeria
2001,35.4,Pakistan
2001,37.3,Israel
2001,42.2,Uzbekistan
2001,14.7,Chile
2001,10.7,Bangladesh
2001,48.2,Greece
2001,31.6,Serbia
2001,34.3,Belarus
2001,51.3,Romania
2001,14,Colombia
2001,29.5,Bulgaria
2001,14.1,Nigeria
2001,15.3,Turkmenistan
2001,32.7,Singapore
2001,14.4,Oman
2001,14.4,Bahrain
2001,29.3,Belgium
2001,23.9,Portugal
2001,31.2,Finland
2001,13.2,Morocco
2001,21.6,Austria
2001,20.6,Libya
2001,4.2,Peru
2001,8.8,Bosnia and Herzegovina
2001,15.1,Azerbaijan
2001,27.6,Denmark
2001,10.6,Norway
2001,24,Hungary
2001,7.7,Lebanon
2001,16.9,Ireland
2001,11.1,Estonia
2001,6.9,Trinidad and Tobago
2001,17.1,Syria
2001,16.4,Slovakia
2001,9.9,Dominican Republic
2001,6.4,Mongolia
2001,9.6,Cuba
2001,5.8,Jordan
2001,10.5,Sweden
2001,4.7,Ecuador
2001,6.9,Tunisia
2001,3,Sri Lanka
2001,2.4,Myanmar
2001,1.5,Sudan
2001,9.6,New Zealand
2001,6.9,Zimbabwe
2001,1.6,Bolivia
2001,2.5,Guatemala
2001,6.2,Slovenia
2001,6.8,Croatia
2001,3.3,Brunei
2001,1,Angola
2001,12.1,North Korea
2001,2.4,Côte d'Ivoire
2001,1.3,Botswana
2001,6.5,Macedonia
2001,4.3,Moldova
2001,1.3,Honduras
2001,4.6,Yemen
2001,2.9,Cyprus
2001,3.4,Switzerland
2001,1.6,Senegal
2001,0.4,Cambodia
2001,5.5,Lithuania
2001,1,Ghana
2001,5.5,Jamaica
2001,2.2,Panama
2001,1.3,Mauritius
2001,0.1,Cameroon
2001,1.8,Kyrgyzstan
2001,1.6,Kenya
2001,2.6,Latvia
2001,0.2,Tanzania
2001,1.4,El Salvador
2001,1.6,Nicaragua
2001,1.5,Armenia
2001,0,Mozambique
2001,1.2,Georgia
2001,0.4,Gabon
2001,0.2,Haiti
2001,0.3,Suriname
2001,0.3,Uruguay
2001,2,Malta
2001,0,Zambia
2001,0.6,Tajikistan
2001,0.2,Niger
2001,0,Republic of Congo
2001,0.3,Eritrea
2001,0.4,Luxembourg
2001,0.1,Benin
2001,0,Namibia
2001,0.4,Albania
2001,0.2,Costa Rica
2001,0,Paraguay
2001,0,Democratic Republic of the Congo
2001,0.2,Togo
2001,0,Iceland
2001,0,Nepal
2001,0,Ethiopia
1995,9243.9,World
1995,1185.7,China
1995,2423.4,United States
1995,1391.6,European Union (27)
1995,364.9,India
1995,957.9,Russia
1995,464.1,Japan
1995,120.5,South Korea
1995,379.3,Germany
1995,169.5,South Africa
1995,94.6,Saudi Arabia
1995,158.1,Australia
1995,147.3,Canada
1995,74.3,Indonesia
1995,122,Mexico
1995,61.6,Iran
1995,185.7,Poland
1995,51.8,Turkey
1995,80.1,Kazakhstan
1995,216.1,United Kingdom
1995,34.7,Malaysia
1995,150,Italy
1995,52.8,Thailand
1995,204.1,Ukraine
1995,27.4,Egypt
1995,53.7,Iraq
1995,31.4,Brazil
1995,20.2,United Arab Emirates
1995,89.2,Spain
1995,4.5,Vietnam
1995,34.2,Argentina
1995,65.8,Netherlands
1995,68.8,Czech Republic
1995,20.7,Kuwait
1995,39.2,Venezuela
1995,17.6,Philippines
1995,11,Qatar
1995,66.3,France
1995,25.8,Algeria
1995,26.6,Pakistan
1995,27.4,Israel
1995,35.8,Uzbekistan
1995,10.2,Chile
1995,6.7,Bangladesh
1995,42.1,Greece
1995,36.4,Serbia
1995,36.6,Belarus
1995,69.7,Romania
1995,13.9,Colombia
1995,35.3,Bulgaria
1995,10.9,Nigeria
1995,11.8,Turkmenistan
1995,30.9,Singapore
1995,8.4,Oman
1995,12.1,Bahrain
1995,33.1,Belgium
1995,21.9,Portugal
1995,24.8,Finland
1995,11.7,Morocco
1995,20.8,Austria
1995,18.7,Libya
1995,4.4,Peru
1995,0.8,Bosnia and Herzegovina
1995,15.4,Azerbaijan
1995,32.5,Denmark
1995,10.7,Norway
1995,24.6,Hungary
1995,3.6,Lebanon
1995,13.2,Ireland
1995,11.9,Estonia
1995,5.2,Trinidad and Tobago
1995,11.5,Syria
1995,17.9,Slovakia
1995,4.9,Dominican Republic
1995,6.6,Mongolia
1995,11,Cuba
1995,5.1,Jordan
1995,11.7,Sweden
1995,3.9,Ecuador
1995,4.7,Tunisia
1995,0.3,Sri Lanka
1995,2.5,Myanmar
1995,0.9,Sudan
1995,4.3,New Zealand
1995,7.4,Zimbabwe
1995,2.1,Bolivia
1995,1.1,Guatemala
1995,5.9,Slovenia
1995,6,Croatia
1995,3.4,Brunei
1995,0.3,Angola
1995,11.4,North Korea
1995,1,Côte d'Ivoire
1995,1.8,Botswana
1995,6.1,Macedonia
1995,6.2,Moldova
1995,0.9,Honduras
1995,2.7,Yemen
1995,2.2,Cyprus
1995,2.8,Switzerland
1995,1,Senegal
1995,0.2,Cambodia
1995,6.4,Lithuania
1995,0.1,Ghana
1995,5.3,Jamaica
1995,1.2,Panama
1995,0.7,Mauritius
1995,0,Cameroon
1995,2.2,Kyrgyzstan
1995,0.5,Kenya
1995,4,Latvia
1995,0.6,Tanzania
1995,1.3,El Salvador
1995,1,Nicaragua
1995,1.4,Armenia
1995,0,Mozambique
1995,5.4,Georgia
1995,0.3,Gabon
1995,0.2,Haiti
1995,0.5,Uruguay
1995,1.6,Malta
1995,0.1,Zambia
1995,0.6,Tajikistan
1995,0,Republic of Congo
1995,0.3,Eritrea
1995,0.9,Luxembourg
1995,0,Benin
1995,0,Namibia
1995,0.4,Albania
1995,0.9,Costa Rica
1995,0.1,Paraguay
1995,0,Democratic Republic of the Congo
1995,0,Togo
1995,0,Iceland
1995,0,Nepal
1995,0,Ethiopia
1996,9600,World
1996,1330.3,China
1996,2504,United States
1996,1420.5,European Union (27)
1996,388.2,India
1996,982.1,Russia
1996,469.9,Japan
1996,133.1,South Korea
1996,390,Germany
1996,177.4,South Africa
1996,97.6,Saudi Arabia
1996,165.9,Australia
1996,148.6,Canada
1996,77.5,Indonesia
1996,127.3,Mexico
1996,64.8,Iran
1996,192.6,Poland
1996,57.6,Turkey
1996,72.5,Kazakhstan
1996,223.3,United Kingdom
1996,38.3,Malaysia
1996,145.4,Italy
1996,60.6,Thailand
1996,165,Ukraine
1996,28,Egypt
1996,52.8,Iraq
1996,33.9,Brazil
1996,21.5,United Arab Emirates
1996,76.9,Spain
1996,5.6,Vietnam
1996,37.7,Argentina
1996,66.7,Netherlands
1996,71.3,Czech Republic
1996,21,Kuwait
1996,43.1,Venezuela
1996,20,Philippines
1996,11.6,Qatar
1996,69.9,France
1996,25.7,Algeria
1996,27.4,Pakistan
1996,28.9,Israel
1996,38,Uzbekistan
1996,13.9,Chile
1996,6.7,Bangladesh
1996,39,Greece
1996,35.4,Serbia
1996,36.4,Belarus
1996,71.6,Romania
1996,12,Colombia
1996,35.7,Bulgaria
1996,11.6,Nigeria
1996,9.6,Turkmenistan
1996,32.3,Singapore
1996,8.9,Oman
1996,12.6,Bahrain
1996,32.9,Belgium
1996,17.7,Portugal
1996,31.8,Finland
1996,10,Morocco
1996,21.3,Austria
1996,19.4,Libya
1996,5.5,Peru
1996,2.1,Bosnia and Herzegovina
1996,14.8,Azerbaijan
1996,45.1,Denmark
1996,9.9,Norway
1996,25,Hungary
1996,5,Lebanon
1996,13.8,Ireland
1996,12.6,Estonia
1996,5.4,Trinidad and Tobago
1996,12.6,Syria
1996,17.3,Slovakia
1996,5.1,Dominican Republic
1996,5.9,Mongolia
1996,11.6,Cuba
1996,5.4,Jordan
1996,16.2,Sweden
1996,4.1,Ecuador
1996,5,Tunisia
1996,1.2,Sri Lanka
1996,2.7,Myanmar
1996,1,Sudan
1996,5.3,New Zealand
1996,6.7,Zimbabwe
1996,1.8,Bolivia
1996,1,Guatemala
1996,5.7,Slovenia
1996,6,Croatia
1996,3.6,Brunei
1996,0.4,Angola
1996,11.4,North Korea
1996,1.5,Côte d'Ivoire
1996,1.3,Botswana
1996,6.6,Macedonia
1996,6,Moldova
1996,0.7,Honduras
1996,2.8,Yemen
1996,2.3,Cyprus
1996,2.9,Switzerland
1996,1,Senegal
1996,0.2,Cambodia
1996,7.1,Lithuania
1996,0.1,Ghana
1996,5.1,Jamaica
1996,1.1,Panama
1996,0.7,Mauritius
1996,0,Cameroon
1996,2.5,Kyrgyzstan
1996,0.6,Kenya
1996,4.3,Latvia
1996,0.4,Tanzania
1996,0.9,El Salvador
1996,1,Nicaragua
1996,1.5,Armenia
1996,0,Mozambique
1996,1.6,Georgia
1996,0.4,Gabon
1996,0.2,Haiti
1996,0.9,Uruguay
1996,1.6,Malta
1996,0.1,Zambia
1996,0.6,Tajikistan
1996,0,Republic of Congo
1996,0.4,Eritrea
1996,0.7,Luxembourg
1996,0,Benin
1996,0,Namibia
1996,0.3,Albania
1996,0.5,Costa Rica
1996,0,Paraguay
1996,0,Democratic Republic of the Congo
1996,0,Togo
1996,0,Iceland
1996,0,Nepal
1996,0,Ethiopia
1997,9867,World
1997,1328.1,China
1997,2738.6,United States
1997,1381,European Union (27)
1997,402.1,India
1997,910.5,Russia
1997,464.7,Japan
1997,151.8,South Korea
1997,374.2,Germany
1997,187.4,South Africa
1997,103,Saudi Arabia
1997,170,Australia
1997,161.2,Canada
1997,88.8,Indonesia
1997,141.5,Mexico
1997,68.7,Iran
1997,186.7,Poland
1997,63.2,Turkey
1997,59.6,Kazakhstan
1997,211,United Kingdom
1997,42,Malaysia
1997,147.6,Italy
1997,65,Thailand
1997,153.2,Ukraine
1997,30.6,Egypt
1997,70.3,Iraq
1997,38.1,Brazil
1997,23.3,United Arab Emirates
1997,89.2,Spain
1997,8.1,Vietnam
1997,37.5,Argentina
1997,68.1,Netherlands
1997,70.8,Czech Republic
1997,22.4,Kuwait
1997,49.6,Venezuela
1997,22.3,Philippines
1997,12.8,Qatar
1997,65.5,France
1997,27.8,Algeria
1997,29.5,Pakistan
1997,31.1,Israel
1997,38.3,Uzbekistan
1997,15.7,Chile
1997,7.2,Bangladesh
1997,39,Greece
1997,38.4,Serbia
1997,37.9,Belarus
1997,63.4,Romania
1997,14.6,Colombia
1997,29.8,Bulgaria
1997,12,Nigeria
1997,9.9,Turkmenistan
1997,31.9,Singapore
1997,9.4,Oman
1997,12.7,Bahrain
1997,31.3,Belgium
1997,18.8,Portugal
1997,29.3,Finland
1997,10.6,Morocco
1997,21.8,Austria
1997,19.2,Libya
1997,5.4,Peru
1997,5.9,Bosnia and Herzegovina
1997,14.3,Azerbaijan
1997,36.2,Denmark
1997,12.3,Norway
1997,26,Hungary
1997,5.9,Lebanon
1997,14.3,Ireland
1997,12.6,Estonia
1997,5.7,Trinidad and Tobago
1997,13.5,Syria
1997,17.2,Slovakia
1997,5.9,Dominican Republic
1997,5.5,Mongolia
1997,10.9,Cuba
1997,5.5,Jordan
1997,12,Sweden
1997,4.6,Ecuador
1997,5.3,Tunisia
1997,1.5,Sri Lanka
1997,2.8,Myanmar
1997,1.1,Sudan
1997,7.4,New Zealand
1997,6,Zimbabwe
1997,1.8,Bolivia
1997,1.1,Guatemala
1997,6,Slovenia
1997,6.3,Croatia
1997,3.9,Brunei
1997,0.6,Angola
1997,11,North Korea
1997,2.1,Côte d'Ivoire
1997,1.4,Botswana
1997,6.1,Macedonia
1997,5.1,Moldova
1997,0.9,Honduras
1997,3.1,Yemen
1997,2.4,Cyprus
1997,3.2,Switzerland
1997,1.1,Senegal
1997,0.3,Cambodia
1997,6.7,Lithuania
1997,0,Ghana
1997,5.3,Jamaica
1997,1.3,Panama
1997,0.7,Mauritius
1997,0,Cameroon
1997,2.5,Kyrgyzstan
1997,0.6,Kenya
1997,3.8,Latvia
1997,0.4,Tanzania
1997,1.4,El Salvador
1997,1.1,Nicaragua
1997,1.8,Armenia
1997,0,Mozambique
1997,1.4,Georgia
1997,0.4,Gabon
1997,0.3,Haiti
1997,0.7,Uruguay
1997,1.6,Malta
1997,0.1,Zambia
1997,0.7,Tajikistan
1997,0,Republic of Congo
1997,0.3,Eritrea
1997,0.4,Luxembourg
1997,0,Benin
1997,0,Namibia
1997,0.3,Albania
1997,0.3,Costa Rica
1997,0,Paraguay
1997,0,Democratic Republic of the Congo
1997,0,Togo
1997,0,Iceland
1997,0.1,Nepal
1997,0,Ethiopia
1998,10091.4,World
1998,1409.6,China
1998,2800.1,United States
1998,1381.8,European Union (27)
1998,418.2,India
1998,907.3,Russia
1998,447.1,Japan
1998,134.4,South Korea
1998,374.1,Germany
1998,194.4,South Africa
1998,110.1,Saudi Arabia
1998,190.4,Australia
1998,175.5,Canada
1998,98.5,Indonesia
1998,158.8,Mexico
1998,70.5,Iran
1998,180.2,Poland
1998,67.6,Turkey
1998,61.2,Kazakhstan
1998,216.1,United Kingdom
1998,44.8,Malaysia
1998,151.6,Italy
1998,62.4,Thailand
1998,147.2,Ukraine
1998,34.6,Egypt
1998,38,Iraq
1998,38.8,Brazil
1998,25.5,United Arab Emirates
1998,88.5,Spain
1998,10.4,Vietnam
1998,39.5,Argentina
1998,70.6,Netherlands
1998,67.5,Czech Republic
1998,26.2,Kuwait
1998,50.2,Venezuela
1998,23.7,Philippines
1998,13.8,Qatar
1998,80.1,France
1998,27.8,Algeria
1998,28.4,Pakistan
1998,32.3,Israel
1998,41.3,Uzbekistan
1998,18.7,Chile
1998,7.8,Bangladesh
1998,40.4,Greece
1998,38.1,Serbia
1998,35.9,Belarus
1998,55,Romania
1998,16.4,Colombia
1998,28.9,Bulgaria
1998,11.4,Nigeria
1998,9.4,Turkmenistan
1998,31.1,Singapore
1998,9.9,Oman
1998,13.7,Bahrain
1998,33,Belgium
1998,21.2,Portugal
1998,24.1,Finland
1998,10.6,Morocco
1998,21,Austria
1998,20.2,Libya
1998,4.8,Peru
1998,7.9,Bosnia and Herzegovina
1998,15.9,Azerbaijan
1998,32.6,Denmark
1998,13.3,Norway
1998,26.9,Hungary
1998,8,Lebanon
1998,15.1,Ireland
1998,12.2,Estonia
1998,5.9,Trinidad and Tobago
1998,14.7,Syria
1998,16.6,Slovakia
1998,8.7,Dominican Republic
1998,6.2,Mongolia
1998,10.8,Cuba
1998,6,Jordan
1998,12.8,Sweden
1998,5.2,Ecuador
1998,5.8,Tunisia
1998,1.4,Sri Lanka
1998,2.9,Myanmar
1998,0.9,Sudan
1998,7,New Zealand
1998,6.2,Zimbabwe
1998,2,Bolivia
1998,2.1,Guatemala
1998,6.4,Slovenia
1998,7.4,Croatia
1998,3.3,Brunei
1998,0.6,Angola
1998,8.7,North Korea
1998,2.5,Côte d'Ivoire
1998,1.3,Botswana
1998,6.9,Macedonia
1998,4.9,Moldova
1998,1.3,Honduras
1998,3.3,Yemen
1998,2.6,Cyprus
1998,3.7,Switzerland
1998,1.2,Senegal
1998,0.3,Cambodia
1998,7.5,Lithuania
1998,1.3,Ghana
1998,5.4,Jamaica
1998,2,Panama
1998,0.8,Mauritius
1998,0,Cameroon
1998,1.8,Kyrgyzstan
1998,1.1,Kenya
1998,3.7,Latvia
1998,0.1,Tanzania
1998,1.4,El Salvador
1998,1.6,Nicaragua
1998,1.8,Armenia
1998,0,Mozambique
1998,1.5,Georgia
1998,0.5,Gabon
1998,0.3,Haiti
1998,0.6,Uruguay
1998,1.6,Malta
1998,0.1,Zambia
1998,0.7,Tajikistan
1998,0,Republic of Congo
1998,0.2,Eritrea
1998,0.2,Luxembourg
1998,0,Benin
1998,0,Namibia
1998,0.3,Albania
1998,0.4,Costa Rica
1998,0,Paraguay
1998,0,Democratic Republic of the Congo
1998,0.1,Togo
1998,0,Iceland
1998,0.1,Nepal
1998,0,Ethiopia
2004,11999.7,World
2004,2376.1,China
2004,2742.1,United States
2004,1449.4,European Union (27)
2004,584.7,India
2004,943.2,Russia
2004,515.6,Japan
2004,224.1,South Korea
2004,379.5,Germany
2004,261.2,South Africa
2004,140.4,Saudi Arabia
2004,224.8,Australia
2004,192,Canada
2004,119.6,Indonesia
2004,184.7,Mexico
2004,118.7,Iran
2004,174.5,Poland
2004,73.7,Turkey
2004,97.1,Kazakhstan
2004,239.4,United Kingdom
2004,68,Malaysia
2004,178.3,Italy
2004,79.9,Thailand
2004,128.1,Ukraine
2004,59.1,Egypt
2004,30.9,Iraq
2004,55.7,Brazil
2004,49.9,United Arab Emirates
2004,120.8,Spain
2004,20.5,Vietnam
2004,46.8,Argentina
2004,73.7,Netherlands
2004,69.5,Czech Republic
2004,40.4,Kuwait
2004,48.1,Venezuela
2004,27.8,Philippines
2004,18.8,Qatar
2004,74.9,France
2004,31.8,Algeria
2004,35.8,Pakistan
2004,41,Israel
2004,41.4,Uzbekistan
2004,20.9,Chile
2004,13.7,Bangladesh
2004,50,Greece
2004,35.8,Serbia
2004,36.7,Belarus
2004,49.5,Romania
2004,12.4,Colombia
2004,28.8,Bulgaria
2004,15.5,Nigeria
2004,17.3,Turkmenistan
2004,28.8,Singapore
2004,16.4,Oman
2004,15.3,Bahrain
2004,30,Belgium
2004,24.2,Portugal
2004,38.3,Finland
2004,15.9,Morocco
2004,24.9,Austria
2004,23.9,Libya
2004,6.9,Peru
2004,10.2,Bosnia and Herzegovina
2004,15.7,Azerbaijan
2004,26.9,Denmark
2004,11.8,Norway
2004,21.6,Hungary
2004,7.4,Lebanon
2004,15.1,Ireland
2004,12.8,Estonia
2004,10.8,Trinidad and Tobago
2004,20.3,Syria
2004,16.2,Slovakia
2004,8.1,Dominican Republic
2004,6.6,Mongolia
2004,13.3,Cuba
2004,6.5,Jordan
2004,12.4,Sweden
2004,5.2,Ecuador
2004,5.9,Tunisia
2004,4.5,Sri Lanka
2004,3.1,Myanmar
2004,2.5,Sudan
2004,9.8,New Zealand
2004,5.8,Zimbabwe
2004,2.1,Bolivia
2004,3.3,Guatemala
2004,6.2,Slovenia
2004,7,Croatia
2004,3.8,Brunei
2004,0.8,Angola
2004,11.9,North Korea
2004,2.4,Côte d'Ivoire
2004,1.6,Botswana
2004,5.9,Macedonia
2004,3.7,Moldova
2004,2.3,Honduras
2004,5.1,Yemen
2004,3.3,Cyprus
2004,3.8,Switzerland
2004,1.6,Senegal
2004,0.7,Cambodia
2004,5.4,Lithuania
2004,0.7,Ghana
2004,4.5,Jamaica
2004,1.5,Panama
2004,1.4,Mauritius
2004,0.1,Cameroon
2004,1.7,Kyrgyzstan
2004,1.4,Kenya
2004,2.2,Latvia
2004,1.3,Tanzania
2004,1.4,El Salvador
2004,1.7,Nicaragua
2004,0.8,Armenia
2004,0,Mozambique
2004,1,Georgia
2004,0.5,Gabon
2004,0.2,Haiti
2004,0.4,Suriname
2004,1.3,Uruguay
2004,2,Malta
2004,0,Zambia
2004,0.6,Tajikistan
2004,0.3,Niger
2004,0,Republic of Congo
2004,0.3,Eritrea
2004,1.4,Luxembourg
2004,0.1,Benin
2004,0,Namibia
2004,0.3,Albania
2004,0.2,Costa Rica
2004,0,Paraguay
2004,0,Democratic Republic of the Congo
2004,0.1,Togo
2004,0,Iceland
2004,0,Nepal
2004,0,Ethiopia
2005,12389.8,World
2005,2553.3,China
2005,2791.2,United States
2005,1441.9,European Union (27)
2005,599.6,India
2005,947.8,Russia
2005,525.1,Japan
2005,228.6,South Korea
2005,375.5,Germany
2005,251,South Africa
2005,150.5,Saudi Arabia
2005,230.9,Australia
2005,213,Canada
2005,124.2,Indonesia
2005,191.6,Mexico
2005,130.5,Iran
2005,173.2,Poland
2005,81.1,Turkey
2005,99.2,Kazakhstan
2005,243.3,United Kingdom
2005,75.4,Malaysia
2005,177.8,Italy
2005,84.6,Thailand
2005,138.3,Ukraine
2005,63.6,Egypt
2005,27.5,Iraq
2005,57.8,Brazil
2005,53.4,United Arab Emirates
2005,130.4,Spain
2005,24.3,Vietnam
2005,47.5,Argentina
2005,71.1,Netherlands
2005,67.6,Czech Republic
2005,44.7,Kuwait
2005,51.5,Venezuela
2005,30.7,Philippines
2005,20.8,Qatar
2005,80.9,France
2005,32.6,Algeria
2005,37.4,Pakistan
2005,40.4,Israel
2005,40.5,Uzbekistan
2005,20.8,Chile
2005,14.8,Bangladesh
2005,50.6,Greece
2005,33,Serbia
2005,36.1,Belarus
2005,48.5,Romania
2005,13.1,Colombia
2005,28.9,Bulgaria
2005,16.9,Nigeria
2005,18.6,Turkmenistan
2005,26.6,Singapore
2005,15.3,Oman
2005,17.7,Bahrain
2005,30.1,Belgium
2005,28,Portugal
2005,26.7,Finland
2005,16.8,Morocco
2005,25.4,Austria
2005,24.3,Libya
2005,7.4,Peru
2005,10.5,Bosnia and Herzegovina
2005,16.5,Azerbaijan
2005,23.7,Denmark
2005,11.7,Norway
2005,19.6,Hungary
2005,7.4,Lebanon
2005,15.6,Ireland
2005,12.9,Estonia
2005,11.7,Trinidad and Tobago
2005,23.3,Syria
2005,16.1,Slovakia
2005,8.6,Dominican Republic
2005,7.7,Mongolia
2005,13.1,Cuba
2005,7,Jordan
2005,11.2,Sweden
2005,5.8,Ecuador
2005,6.2,Tunisia
2005,4.7,Sri Lanka
2005,3.1,Myanmar
2005,2.8,Sudan
2005,11.8,New Zealand
2005,6.1,Zimbabwe
2005,2.4,Bolivia
2005,3.3,Guatemala
2005,6.3,Slovenia
2005,7.1,Croatia
2005,3.7,Brunei
2005,1,Angola
2005,12.2,North Korea
2005,3.1,Côte d'Ivoire
2005,1.7,Botswana
2005,5.8,Macedonia
2005,3.8,Moldova
2005,2.3,Honduras
2005,5.4,Yemen
2005,3.5,Cyprus
2005,4,Switzerland
2005,1.9,Senegal
2005,0.8,Cambodia
2005,5.6,Lithuania
2005,1.2,Ghana
2005,4.3,Jamaica
2005,1.6,Panama
2005,1.5,Mauritius
2005,0.2,Cameroon
2005,2.1,Kyrgyzstan
2005,1.7,Kenya
2005,2.2,Latvia
2005,1.3,Tanzania
2005,1.5,El Salvador
2005,1.6,Nicaragua
2005,0.9,Armenia
2005,1.1,Montenegro
2005,0,Mozambique
2005,1.3,Georgia
2005,0.6,Gabon
2005,0.2,Haiti
2005,0.7,Suriname
2005,1.2,Uruguay
2005,2,Malta
2005,0,Zambia
2005,0.6,Tajikistan
2005,0.2,Niger
2005,0,Republic of Congo
2005,0.3,Eritrea
2005,1.4,Luxembourg
2005,0.1,Benin
2005,0,Namibia
2005,0.3,Albania
2005,0.3,Costa Rica
2005,0,Paraguay
2005,0,Democratic Republic of the Congo
2005,0.1,Togo
2005,0,Iceland
2005,0,Nepal
2005,0,Ethiopia
2006,12879.2,World
2006,2899.7,China
2006,2722.9,United States
2006,1455.8,European Union (27)
2006,638.8,India
2006,994.7,Russia
2006,514.7,Japan
2006,236.7,South Korea
2006,380,Germany
2006,252.2,South Africa
2006,157.6,Saudi Arabia
2006,235.8,Australia
2006,211.9,Canada
2006,130.2,Indonesia
2006,190.6,Mexico
2006,137.5,Iran
2006,178.8,Poland
2006,90.1,Turkey
2006,118.6,Kazakhstan
2006,248.7,United Kingdom
2006,79.7,Malaysia
2006,179.7,Italy
2006,86.4,Thailand
2006,137.9,Ukraine
2006,66.3,Egypt
2006,25.2,Iraq
2006,58,Brazil
2006,56.9,United Arab Emirates
2006,128.8,Spain
2006,26.7,Vietnam
2006,50.4,Argentina
2006,66.2,Netherlands
2006,67.5,Czech Republic
2006,47,Kuwait
2006,55.3,Venezuela
2006,26.6,Philippines
2006,24.7,Qatar
2006,76.7,France
2006,34.2,Algeria
2006,42.5,Pakistan
2006,42.7,Israel
2006,41.5,Uzbekistan
2006,20.9,Chile
2006,17,Bangladesh
2006,48.8,Greece
2006,34.9,Serbia
2006,36.8,Belarus
2006,50.5,Romania
2006,12.3,Colombia
2006,29.2,Bulgaria
2006,16.7,Nigeria
2006,19.4,Turkmenistan
2006,26.6,Singapore
2006,16.4,Oman
2006,19.4,Bahrain
2006,29.6,Belgium
2006,24.5,Portugal
2006,38.3,Finland
2006,17,Morocco
2006,24.5,Austria
2006,24.4,Libya
2006,6.9,Peru
2006,11.9,Bosnia and Herzegovina
2006,17,Azerbaijan
2006,31.3,Denmark
2006,12.2,Norway
2006,19.9,Hungary
2006,8.2,Lebanon
2006,15.3,Ireland
2006,11.4,Estonia
2006,13.9,Trinidad and Tobago
2006,24.8,Syria
2006,15.6,Slovakia
2006,9.3,Dominican Republic
2006,7.6,Mongolia
2006,13.1,Cuba
2006,7.5,Jordan
2006,11.4,Sweden
2006,7,Ecuador
2006,6.7,Tunisia
2006,3.4,Sri Lanka
2006,3,Myanmar
2006,3.4,Sudan
2006,11.8,New Zealand
2006,4,Zimbabwe
2006,2.5,Bolivia
2006,3.1,Guatemala
2006,6.4,Slovenia
2006,7,Croatia
2006,4.2,Brunei
2006,1.1,Angola
2006,12.2,North Korea
2006,2.3,Côte d'Ivoire
2006,1.3,Botswana
2006,5.8,Macedonia
2006,3.8,Moldova
2006,1.6,Honduras
2006,5.6,Yemen
2006,3.5,Cyprus
2006,4.1,Switzerland
2006,1.9,Senegal
2006,0.9,Cambodia
2006,5.3,Lithuania
2006,2.4,Ghana
2006,3.6,Jamaica
2006,1.8,Panama
2006,1.8,Mauritius
2006,0.7,Cameroon
2006,2,Kyrgyzstan
2006,1.9,Kenya
2006,2.2,Latvia
2006,1.6,Tanzania
2006,1.8,El Salvador
2006,1.6,Nicaragua
2006,0.9,Armenia
2006,1.3,Montenegro
2006,0,Mozambique
2006,1.6,Georgia
2006,0.6,Gabon
2006,0.2,Haiti
2006,0.4,Suriname
2006,2,Uruguay
2006,2,Malta
2006,0,Zambia
2006,0.6,Tajikistan
2006,0.2,Niger
2006,0,Republic of Congo
2006,0.3,Eritrea
2006,1.4,Luxembourg
2006,0.1,Benin
2006,0.1,Namibia
2006,0.2,Albania
2006,0.6,Costa Rica
2006,0,Paraguay
2006,0,Democratic Republic of the Congo
2006,0.1,Togo
2006,0,Iceland
2006,0,Nepal
2006,0,Ethiopia
2008,13458.3,World
2008,3210,China
2008,2719.6,United States
2008,1408.5,European Union (27)
2008,721.3,India
2008,961.6,Russia
2008,529.6,Japan
2008,268.1,South Korea
2008,372.4,Germany
2008,293.4,South Africa
2008,172.2,Saudi Arabia
2008,241.9,Australia
2008,215,Canada
2008,141.1,Indonesia
2008,186.4,Mexico
2008,157.6,Iran
2008,170.5,Poland
2008,114.2,Turkey
2008,122.3,Kazakhstan
2008,231.9,United Kingdom
2008,97.2,Malaysia
2008,173.5,Italy
2008,99.2,Thailand
2008,136.6,Ukraine
2008,74.8,Egypt
2008,28.6,Iraq
2008,68.3,Brazil
2008,68.3,United Arab Emirates
2008,120.1,Spain
2008,30.2,Vietnam
2008,60.8,Argentina
2008,69.7,Netherlands
2008,68.1,Czech Republic
2008,51.2,Kuwait
2008,65.9,Venezuela
2008,31.7,Philippines
2008,28.1,Qatar
2008,75.7,France
2008,35.4,Algeria
2008,43.2,Pakistan
2008,43.5,Israel
2008,39.1,Uzbekistan
2008,28.9,Chile
2008,19.7,Bangladesh
2008,51.2,Greece
2008,30.6,Serbia
2008,35.8,Belarus
2008,48.1,Romania
2008,11.1,Colombia
2008,32.2,Bulgaria
2008,17.3,Nigeria
2008,22.3,Turkmenistan
2008,26.7,Singapore
2008,17.3,Oman
2008,21,Bahrain
2008,28,Belgium
2008,21.9,Portugal
2008,29.7,Finland
2008,17,Morocco
2008,23.9,Austria
2008,23.3,Libya
2008,10,Peru
2008,13.6,Bosnia and Herzegovina
2008,14,Azerbaijan
2008,24.5,Denmark
2008,12.3,Norway
2008,20,Hungary
2008,9.6,Lebanon
2008,14.6,Ireland
2008,13.4,Estonia
2008,13.1,Trinidad and Tobago
2008,28,Syria
2008,13.7,Slovakia
2008,9.8,Dominican Republic
2008,7.9,Mongolia
2008,13.9,Cuba
2008,8.8,Jordan
2008,10.1,Sweden
2008,6.4,Ecuador
2008,7.2,Tunisia
2008,4.1,Sri Lanka
2008,2.9,Myanmar
2008,3.9,Sudan
2008,11,New Zealand
2008,2.7,Zimbabwe
2008,3,Bolivia
2008,3.2,Guatemala
2008,6.4,Slovenia
2008,6.9,Croatia
2008,3.9,Brunei
2008,1.6,Angola
2008,11.4,North Korea
2008,2.8,Côte d'Ivoire
2008,1.1,Botswana
2008,6.1,Macedonia
2008,3.7,Moldova
2008,2.7,Honduras
2008,6.7,Yemen
2008,3.8,Cyprus
2008,3.9,Switzerland
2008,1.7,Senegal
2008,1.2,Cambodia
2008,5,Lithuania
2008,1.9,Ghana
2008,2.8,Jamaica
2008,1.8,Panama
2008,2,Mauritius
2008,1.4,Cameroon
2008,2.3,Kyrgyzstan
2008,2.4,Kenya
2008,2,Latvia
2008,1.2,Tanzania
2008,1.6,El Salvador
2008,1.7,Nicaragua
2008,1,Armenia
2008,1.5,Montenegro
2008,0,Mozambique
2008,1,Georgia
2008,0.7,Gabon
2008,0.2,Haiti
2008,0.4,Suriname
2008,3,Uruguay
2008,2,Malta
2008,0,Zambia
2008,0.2,Tajikistan
2008,0.2,Niger
2008,0,Republic of Congo
2008,0.2,Eritrea
2008,1.1,Luxembourg
2008,0.1,Benin
2008,0.2,Namibia
2008,0.3,Albania
2008,0.7,Costa Rica
2008,0,Paraguay
2008,0,Democratic Republic of the Congo
2008,0,Togo
2008,0,Iceland
2008,0,Nepal
2008,0.8,Ethiopia
2009,13266,World
2009,3458.2,China
2009,2489.1,United States
2009,1294.1,European Union (27)
2009,791,India
2009,891.5,Russia
2009,487.8,Japan
2009,288.8,South Korea
2009,343.1,Germany
2009,256.4,South Africa
2009,182.5,Saudi Arabia
2009,250.7,Australia
2009,203.8,Canada
2009,147.9,Indonesia
2009,193.6,Mexico
2009,162.1,Iran
2009,163,Poland
2009,112.2,Turkey
2009,113.3,Kazakhstan
2009,204,United Kingdom
2009,91.9,Malaysia
2009,147.4,Italy
2009,88.6,Thailand
2009,120.7,Ukraine
2009,78.8,Egypt
2009,49.2,Iraq
2009,57.3,Brazil
2009,59.4,United Arab Emirates
2009,103.8,Spain
2009,32.3,Vietnam
2009,61.1,Argentina
2009,68.1,Netherlands
2009,62.9,Czech Republic
2009,56.4,Kuwait
2009,66.8,Venezuela
2009,31.4,Philippines
2009,30.2,Qatar
2009,73.6,France
2009,36.7,Algeria
2009,45.4,Pakistan
2009,41.1,Israel
2009,39.8,Uzbekistan
2009,27,Chile
2009,21.4,Bangladesh
2009,48.3,Greece
2009,32.3,Serbia
2009,34.5,Belarus
2009,40.6,Romania
2009,17.6,Colombia
2009,29.3,Bulgaria
2009,15.3,Nigeria
2009,18.7,Turkmenistan
2009,24.2,Singapore
2009,18.7,Oman
2009,20.9,Bahrain
2009,25.9,Belgium
2009,22.8,Portugal
2009,29.4,Finland
2009,15.9,Morocco
2009,20,Austria
2009,23.9,Libya
2009,11.2,Peru
2009,14,Bosnia and Herzegovina
2009,11.6,Azerbaijan
2009,24.4,Denmark
2009,13.6,Norway
2009,17,Hungary
2009,10,Lebanon
2009,13.1,Ireland
2009,11.2,Estonia
2009,12.7,Trinidad and Tobago
2009,29.6,Syria
2009,13.1,Slovakia
2009,8.6,Dominican Republic
2009,8.3,Mongolia
2009,13.5,Cuba
2009,8.8,Jordan
2009,10.4,Sweden
2009,7.8,Ecuador
2009,7.5,Tunisia
2009,4.1,Sri Lanka
2009,2.1,Myanmar
2009,3.3,Sudan
2009,9,New Zealand
2009,2.9,Zimbabwe
2009,3.3,Bolivia
2009,3.3,Guatemala
2009,6.1,Slovenia
2009,6.6,Croatia
2009,5.2,Brunei
2009,2.5,Angola
2009,8.3,North Korea
2009,2.5,Côte d'Ivoire
2009,0.9,Botswana
2009,5.8,Macedonia
2009,3.8,Moldova
2009,2.3,Honduras
2009,7.8,Yemen
2009,3.9,Cyprus
2009,3.6,Switzerland
2009,2.1,Senegal
2009,1,Cambodia
2009,4.9,Lithuania
2009,1.7,Ghana
2009,2.9,Jamaica
2009,2.4,Panama
2009,2,Mauritius
2009,1.5,Cameroon
2009,2.1,Kyrgyzstan
2009,3,Kenya
2009,2,Latvia
2009,1.2,Tanzania
2009,1.6,El Salvador
2009,1.7,Nicaragua
2009,0.6,Armenia
2009,0.8,Montenegro
2009,0,Mozambique
2009,1.4,Georgia
2009,0.7,Gabon
2009,0.3,Haiti
2009,0.4,Suriname
2009,2.8,Uruguay
2009,1.9,Malta
2009,0,Zambia
2009,0.1,Tajikistan
2009,0.2,Niger
2009,0.1,Republic of Congo
2009,0.2,Eritrea
2009,1.3,Luxembourg
2009,0.1,Benin
2009,0.1,Namibia
2009,0.1,Albania
2009,0.5,Costa Rica
2009,0,Paraguay
2009,0,Democratic Republic of the Congo
2009,0,Togo
2009,0,Iceland
2009,0,Nepal
2009,0.9,Ethiopia
2010,14140.3,World
2010,3841.7,China
2010,2609.6,United States
2010,1332.4,European Union (27)
2010,821,India
2010,955.9,Russia
2010,524.1,Japan
2010,322.9,South Korea
2010,361.6,Germany
2010,286.3,South Africa
2010,197.7,Saudi Arabia
2010,245,Australia
2010,211.2,Canada
2010,152,Indonesia
2010,195.4,Mexico
2010,163.9,Iran
2010,168.9,Poland
2010,112.7,Turkey
2010,123.7,Kazakhstan
2010,209.1,United Kingdom
2010,106.5,Malaysia
2010,153.1,Italy
2010,98.1,Thailand
2010,129.8,Ukraine
2010,77.8,Egypt
2010,57.4,Iraq
2010,69,Brazil
2010,60.9,United Arab Emirates
2010,88.2,Spain
2010,41.5,Vietnam
2010,62.4,Argentina
2010,71.1,Netherlands
2010,68.1,Czech Republic
2010,53.5,Kuwait
2010,60.1,Venezuela
2010,34.8,Philippines
2010,36.3,Qatar
2010,75.4,France
2010,36.3,Algeria
2010,41.7,Pakistan
2010,44,Israel
2010,39.8,Uzbekistan
2010,27.5,Chile
2010,24.3,Bangladesh
2010,45.3,Greece
2010,31.4,Serbia
2010,37.2,Belarus
2010,38.8,Romania
2010,17.3,Colombia
2010,31.1,Bulgaria
2010,19,Nigeria
2010,21.6,Turkmenistan
2010,26.6,Singapore
2010,19.3,Oman
2010,21.5,Bahrain
2010,29.9,Belgium
2010,17.5,Portugal
2010,35.3,Finland
2010,17.7,Morocco
2010,24.2,Austria
2010,24.3,Libya
2010,14.4,Peru
2010,13.9,Bosnia and Herzegovina
2010,9.9,Azerbaijan
2010,24.3,Denmark
2010,14.5,Norway
2010,17.3,Hungary
2010,11.2,Lebanon
2010,13.6,Ireland
2010,15,Estonia
2010,14.4,Trinidad and Tobago
2010,29.3,Syria
2010,13.8,Slovakia
2010,9.2,Dominican Republic
2010,8.9,Mongolia
2010,15.4,Cuba
2010,9,Jordan
2010,12.9,Sweden
2010,9.7,Ecuador
2010,8.4,Tunisia
2010,3.4,Sri Lanka
2010,2.7,Myanmar
2010,1.7,Sudan
2010,8.5,New Zealand
2010,4.9,Zimbabwe
2010,3.7,Bolivia
2010,2.7,Guatemala
2010,6.2,Slovenia
2010,6,Croatia
2010,5.2,Brunei
2010,2.6,Angola
2010,7.6,North Korea
2010,3,Côte d'Ivoire
2010,0.6,Botswana
2010,5.3,Macedonia
2010,3.7,Moldova
2010,2.3,Honduras
2010,8.1,Yemen
2010,3.8,Cyprus
2010,3.7,Switzerland
2010,2.1,Senegal
2010,0.8,Cambodia
2010,5.4,Lithuania
2010,3.1,Ghana
2010,2.8,Jamaica
2010,2.7,Panama
2010,2.2,Mauritius
2010,1.7,Cameroon
2010,1.7,Kyrgyzstan
2010,2.3,Kenya
2010,2.4,Latvia
2010,1.5,Tanzania
2010,1.4,El Salvador
2010,1.8,Nicaragua
2010,0.6,Armenia
2010,1.7,Montenegro
2010,0,Mozambique
2010,1,Georgia
2010,0.8,Gabon
2010,0.3,Haiti
2010,0.6,Suriname
2010,1.2,Uruguay
2010,1.9,Malta
2010,0,Zambia
2010,0,Tajikistan
2010,0.3,Niger
2010,0.2,Republic of Congo
2010,0.3,Eritrea
2010,1.3,Luxembourg
2010,0.1,Benin
2010,0,Namibia
2010,0.1,Albania
2010,0.6,Costa Rica
2010,0,Paraguay
2010,0,Democratic Republic of the Congo
2010,0.1,Togo
2010,0,Iceland
2010,0,Nepal
2010,0.1,Ethiopia
2011,14720.5,World
2011,4328.3,China
2011,2488.7,United States
2011,1308.9,European Union (27)
2011,866.3,India
2011,1015.2,Russia
2011,578.4,Japan
2011,346.6,South Korea
2011,354.2,Germany
2011,272.9,South Africa
2011,208.3,Saudi Arabia
2011,238.4,Australia
2011,207.9,Canada
2011,168.8,Indonesia
2011,204.5,Mexico
2011,171,Iran
2011,169.5,Poland
2011,123.1,Turkey
2011,126.5,Kazakhstan
2011,197.3,United Kingdom
2011,110.5,Malaysia
2011,152.1,Italy
2011,97.6,Thailand
2011,137.7,Ukraine
2011,81.4,Egypt
2011,56.5,Iraq
2011,62.9,Brazil
2011,61.6,United Arab Emirates
2011,101.3,Spain
2011,40.3,Vietnam
2011,66.9,Argentina
2011,67.7,Netherlands
2011,66.8,Czech Republic
2011,53.6,Kuwait
2011,52,Venezuela
2011,35.9,Philippines
2011,44,Qatar
2011,61.6,France
2011,39.2,Algeria
2011,40.6,Pakistan
2011,46.1,Israel
2011,41.1,Uzbekistan
2011,32.5,Chile
2011,25.2,Bangladesh
2011,45.2,Greece
2011,34.6,Serbia
2011,33.4,Belarus
2011,43.7,Romania
2011,13.6,Colombia
2011,35.5,Bulgaria
2011,22,Nigeria
2011,22.6,Turkmenistan
2011,28,Singapore
2011,20.3,Oman
2011,21.6,Bahrain
2011,25.8,Belgium
2011,19.1,Portugal
2011,29.5,Finland
2011,20,Morocco
2011,24.4,Austria
2011,18.4,Libya
2011,15.9,Peru
2011,16.6,Bosnia and Herzegovina
2011,11.7,Azerbaijan
2011,20.2,Denmark
2011,13.3,Norway
2011,16.6,Hungary
2011,11.7,Lebanon
2011,12.1,Ireland
2011,13.8,Estonia
2011,15.2,Trinidad and Tobago
2011,26.4,Syria
2011,13.5,Slovakia
2011,9.9,Dominican Republic
2011,9.3,Mongolia
2011,14.8,Cuba
2011,9.9,Jordan
2011,10.3,Sweden
2011,8.6,Ecuador
2011,8.3,Tunisia
2011,5.1,Sri Lanka
2011,2.6,Myanmar
2011,2.2,Sudan
2011,8.1,New Zealand
2011,6,Zimbabwe
2011,3.9,Bolivia
2011,2.7,Guatemala
2011,6.3,Slovenia
2011,6.4,Croatia
2011,5.2,Brunei
2011,2.5,Angola
2011,5.5,North Korea
2011,2.8,Côte d'Ivoire
2011,1.1,Botswana
2011,5.9,Macedonia
2011,3.6,Moldova
2011,2.8,Honduras
2011,7.3,Yemen
2011,3.6,Cyprus
2011,3.5,Switzerland
2011,1.9,Senegal
2011,0.8,Cambodia
2011,4.5,Lithuania
2011,2.6,Ghana
2011,2.8,Jamaica
2011,3.1,Panama
2011,2.2,Mauritius
2011,1.2,Cameroon
2011,1.8,Kyrgyzstan
2011,2.5,Kenya
2011,2.2,Latvia
2011,1.9,Tanzania
2011,1.4,El Salvador
2011,1.9,Nicaragua
2011,0.9,Armenia
2011,1.8,Montenegro
2011,0.1,Mozambique
2011,1.2,Georgia
2011,0.9,Gabon
2011,0.3,Haiti
2011,0.8,Suriname
2011,2.2,Uruguay
2011,1.9,Malta
2011,0,Zambia
2011,0,Tajikistan
2011,0.4,Niger
2011,0.3,Republic of Congo
2011,0.3,Eritrea
2011,1.1,Luxembourg
2011,0,Benin
2011,0,Namibia
2011,0.1,Albania
2011,0.6,Costa Rica
2011,0,Paraguay
2011,0,Democratic Republic of the Congo
2011,0,Togo
2011,0,Iceland
2011,0,Nepal
2011,0,Ethiopia
2012,15018.9,World
2012,4455.4,China
2012,2360.2,United States
2012,1289.8,European Union (27)
2012,995.1,India
2012,1007.7,Russia
2012,628.3,Japan
2012,350.7,South Korea
2012,364.6,Germany
2012,281.6,South Africa
2012,222.4,Saudi Arabia
2012,235.4,Australia
2012,209,Canada
2012,168.8,Indonesia
2012,212.4,Mexico
2012,177.7,Iran
2012,164.5,Poland
2012,126.9,Turkey
2012,131.2,Kazakhstan
2012,211.5,United Kingdom
2012,108.9,Malaysia
2012,144,Italy
2012,106.1,Thailand
2012,140.2,Ukraine
2012,87.7,Egypt
2012,63.4,Iraq
2012,81.7,Brazil
2012,67.9,United Arab Emirates
2012,109.3,Spain
2012,41.4,Vietnam
2012,71.6,Argentina
2012,64.9,Netherlands
2012,63.7,Czech Republic
2012,51,Kuwait
2012,58.8,Venezuela
2012,38.5,Philippines
2012,46.9,Qatar
2012,63.8,France
2012,43.3,Algeria
2012,41.9,Pakistan
2012,51,Israel
2012,40.6,Uzbekistan
2012,37,Chile
2012,28.3,Bangladesh
2012,45.8,Greece
2012,31.4,Serbia
2012,33.1,Belarus
2012,39.7,Romania
2012,15.1,Colombia
2012,31,Bulgaria
2012,23.6,Nigeria
2012,23.3,Turkmenistan
2012,27.5,Singapore
2012,21.4,Oman
2012,22.2,Bahrain
2012,25.5,Belgium
2012,20.3,Portugal
2012,24.6,Finland
2012,20.5,Morocco
2012,22.4,Austria
2012,24.1,Libya
2012,15.2,Peru
2012,15.2,Bosnia and Herzegovina
2012,14,Azerbaijan
2012,16.9,Denmark
2012,12.5,Norway
2012,15.9,Hungary
2012,12.1,Lebanon
2012,13,Ireland
2012,12.5,Estonia
2012,14.3,Trinidad and Tobago
2012,21.8,Syria
2012,12.9,Slovakia
2012,9.8,Dominican Republic
2012,10.1,Mongolia
2012,15.2,Cuba
2012,11.2,Jordan
2012,9.7,Sweden
2012,8.9,Ecuador
2012,9.1,Tunisia
2012,6.5,Sri Lanka
2012,3,Myanmar
2012,2.1,Sudan
2012,9.3,New Zealand
2012,5.6,Zimbabwe
2012,4.2,Bolivia
2012,2.9,Guatemala
2012,6.1,Slovenia
2012,5.6,Croatia
2012,5,Brunei
2012,2.1,Angola
2012,5.6,North Korea
2012,3.7,Côte d'Ivoire
2012,2.1,Botswana
2012,5.7,Macedonia
2012,3.6,Moldova
2012,2.8,Honduras
2012,7.3,Yemen
2012,3.4,Cyprus
2012,3.6,Switzerland
2012,2.1,Senegal
2012,0.8,Cambodia
2012,4.5,Lithuania
2012,3.1,Ghana
2012,2.8,Jamaica
2012,2.8,Panama
2012,2.3,Mauritius
2012,1.2,Cameroon
2012,1.9,Kyrgyzstan
2012,2,Kenya
2012,2,Latvia
2012,2.5,Tanzania
2012,1.5,El Salvador
2012,1.7,Nicaragua
2012,1.4,Armenia
2012,1.6,Montenegro
2012,0,Mozambique
2012,1.3,Georgia
2012,0.9,Gabon
2012,0.6,Haiti
2012,0.7,Suriname
2012,3.2,Uruguay
2012,0.4,South Sudan
2012,2,Malta
2012,0,Zambia
2012,0,Tajikistan
2012,0.4,Niger
2012,0.4,Republic of Congo
2012,0.3,Eritrea
2012,1.2,Luxembourg
2012,0,Benin
2012,0.1,Namibia
2012,0.1,Albania
2012,0.6,Costa Rica
2012,0,Paraguay
2012,0,Democratic Republic of the Congo
2012,0,Togo
2012,0,Iceland
2012,0,Nepal
2012,0,Ethiopia
2013,15292.5,World
2013,4747.8,China
2013,2378.5,United States
2013,1223.9,European Union (27)
2013,1004.7,India
2013,969.3,Russia
2013,648.8,Japan
2013,345.9,South Korea
2013,369.9,Germany
2013,279.5,South Africa
2013,227.2,Saudi Arabia
2013,227.1,Australia
2013,210.5,Canada
2013,168.2,Indonesia
2013,201.5,Mexico
2013,187.3,Iran
2013,165,Poland
2013,121,Turkey
2013,142.2,Kazakhstan
2013,196,United Kingdom
2013,113.8,Malaysia
2013,122.6,Italy
2013,114.8,Thailand
2013,135.3,Ukraine
2013,88.2,Egypt
2013,74,Iraq
2013,105.9,Brazil
2013,68,United Arab Emirates
2013,85.9,Spain
2013,44.5,Vietnam
2013,67.8,Argentina
2013,65,Netherlands
2013,60.3,Czech Republic
2013,60.9,Kuwait
2013,57.5,Venezuela
2013,44.6,Philippines
2013,47.9,Qatar
2013,61.4,France
2013,42.9,Algeria
2013,45.1,Pakistan
2013,43.3,Israel
2013,40.9,Uzbekistan
2013,38.5,Chile
2013,31.1,Bangladesh
2013,41.6,Greece
2013,33.1,Serbia
2013,32.8,Belarus
2013,32.1,Romania
2013,20.2,Colombia
2013,27.1,Bulgaria
2013,22.8,Nigeria
2013,23.6,Turkmenistan
2013,26.9,Singapore
2013,21.8,Oman
2013,23,Bahrain
2013,23.4,Belgium
2013,18.9,Portugal
2013,25.9,Finland
2013,19.1,Morocco
2013,21.9,Austria
2013,26,Libya
2013,13.2,Peru
2013,15.3,Bosnia and Herzegovina
2013,13.8,Azerbaijan
2013,19,Denmark
2013,12.9,Norway
2013,13.5,Hungary
2013,12.9,Lebanon
2013,11.6,Ireland
2013,14.8,Estonia
2013,14.8,Trinidad and Tobago
2013,14.9,Syria
2013,12.6,Slovakia
2013,9.9,Dominican Republic
2013,11.1,Mongolia
2013,14.4,Cuba
2013,11.6,Jordan
2013,9.2,Sweden
2013,9.8,Ecuador
2013,9.2,Tunisia
2013,4,Sri Lanka
2013,3.3,Myanmar
2013,2,Sudan
2013,8.2,New Zealand
2013,6.8,Zimbabwe
2013,4.2,Bolivia
2013,3.8,Guatemala
2013,5.8,Slovenia
2013,5.3,Croatia
2013,4.9,Brunei
2013,2.6,Angola
2013,4.1,North Korea
2013,3.6,Côte d'Ivoire
2013,2.3,Botswana
2013,4.7,Macedonia
2013,2.8,Moldova
2013,3,Honduras
2013,8.3,Yemen
2013,2.8,Cyprus
2013,3.7,Switzerland
2013,2.2,Senegal
2013,0.7,Cambodia
2013,3.8,Lithuania
2013,3.6,Ghana
2013,2.6,Jamaica
2013,2.9,Panama
2013,2.4,Mauritius
2013,1.4,Cameroon
2013,1.7,Kyrgyzstan
2013,2.6,Kenya
2013,2.1,Latvia
2013,2.8,Tanzania
2013,1.6,El Salvador
2013,1.5,Nicaragua
2013,1.3,Armenia
2013,1.5,Montenegro
2013,0.2,Mozambique
2013,0.9,Georgia
2013,0.8,Gabon
2013,0.6,Haiti
2013,0.9,Suriname
2013,1.8,Uruguay
2013,0.4,South Sudan
2013,1.6,Malta
2013,0,Zambia
2013,0.1,Tajikistan
2013,0.3,Niger
2013,0.4,Republic of Congo
2013,0.3,Eritrea
2013,0.8,Luxembourg
2013,0.1,Benin
2013,0.1,Namibia
2013,0,Albania
2013,0.8,Costa Rica
2013,0,Paraguay
2013,0,Democratic Republic of the Congo
2013,0,Togo
2013,0,Iceland
2013,0,Nepal
2013,0,Ethiopia
2014,15226.5,World
2014,4641.5,China
2014,2376.2,United States
2014,1154.1,European Union (27)
2014,1117,India
2014,907.5,Russia
2014,625.1,Japan
2014,343.6,South Korea
2014,350.3,Germany
2014,292.7,South Africa
2014,249,Saudi Arabia
2014,217.8,Australia
2014,210.2,Canada
2014,193.8,Indonesia
2014,192,Mexico
2014,191.1,Iran
2014,155.4,Poland
2014,138.7,Turkey
2014,141.4,Kazakhstan
2014,170.8,United Kingdom
2014,119.2,Malaysia
2014,113.7,Italy
2014,113.4,Thailand
2014,116,Ukraine
2014,92.4,Egypt
2014,91.8,Iraq
2014,125.1,Brazil
2014,73,United Arab Emirates
2014,86.8,Spain
2014,53,Vietnam
2014,70,Argentina
2014,68.1,Netherlands
2014,58.5,Czech Republic
2014,53.5,Kuwait
2014,54.1,Venezuela
2014,48,Philippines
2014,49.4,Qatar
2014,46.7,France
2014,47.7,Algeria
2014,45.5,Pakistan
2014,40.5,Israel
2014,41.5,Uzbekistan
2014,32.6,Chile
2014,32.9,Bangladesh
2014,38.1,Greece
2014,26.5,Serbia
2014,32.9,Belarus
2014,31.2,Romania
2014,20.8,Colombia
2014,28.5,Bulgaria
2014,23.6,Nigeria
2014,24,Turkmenistan
2014,26.6,Singapore
2014,22.9,Oman
2014,23.9,Bahrain
2014,22.4,Belgium
2014,17.6,Portugal
2014,23.2,Finland
2014,21.5,Morocco
2014,20.1,Austria
2014,24.4,Libya
2014,16.4,Peru
2014,12.9,Bosnia and Herzegovina
2014,14.3,Azerbaijan
2014,15.5,Denmark
2014,13.5,Norway
2014,12.8,Hungary
2014,12.8,Lebanon
2014,11.4,Ireland
2014,13.6,Estonia
2014,14.4,Trinidad and Tobago
2014,12.6,Syria
2014,11.4,Slovakia
2014,10.6,Dominican Republic
2014,11.6,Mongolia
2014,16.1,Cuba
2014,12.6,Jordan
2014,9.1,Sweden
2014,10.2,Ecuador
2014,9.6,Tunisia
2014,6.8,Sri Lanka
2014,4.8,Myanmar
2014,2.3,Sudan
2014,7.4,New Zealand
2014,6.8,Zimbabwe
2014,4.5,Bolivia
2014,3.6,Guatemala
2014,4.6,Slovenia
2014,4.8,Croatia
2014,4.8,Brunei
2014,3.8,Angola
2014,4.6,North Korea
2014,4,Côte d'Ivoire
2014,3.8,Botswana
2014,4.4,Macedonia
2014,3.3,Moldova
2014,3.2,Honduras
2014,7.4,Yemen
2014,2.8,Cyprus
2014,3.5,Switzerland
2014,2.5,Senegal
2014,1.2,Cambodia
2014,3.3,Lithuania
2014,3.3,Ghana
2014,2.5,Jamaica
2014,3.3,Panama
2014,2.4,Mauritius
2014,1.8,Cameroon
2014,2.3,Kyrgyzstan
2014,1.7,Kenya
2014,1.8,Latvia
2014,2.4,Tanzania
2014,1.6,El Salvador
2014,1.5,Nicaragua
2014,1.6,Armenia
2014,1.5,Montenegro
2014,0.8,Mozambique
2014,1.1,Georgia
2014,0.8,Gabon
2014,0.8,Haiti
2014,0.8,Suriname
2014,0.9,Uruguay
2014,0.5,South Sudan
2014,1.6,Malta
2014,0.3,Zambia
2014,0.2,Tajikistan
2014,0.5,Niger
2014,0.5,Republic of Congo
2014,0.3,Eritrea
2014,0.8,Luxembourg
2014,0.2,Benin
2014,0,Namibia
2014,0.1,Albania
2014,0.7,Costa Rica
2014,0,Paraguay
2014,0,Democratic Republic of the Congo
2014,0,Togo
2014,0,Iceland
2014,0,Nepal
2014,0,Ethiopia
2015,15020.5,World
2015,4586.2,China
2015,2234,United States
2015,1177.5,European Union (27)
2015,1101.8,India
2015,879.8,Russia
2015,606.4,Japan
2015,351.4,South Korea
2015,346.3,Germany
2015,273.4,South Africa
2015,272.7,Saudi Arabia
2015,223,Australia
2015,211.2,Canada
2015,195.5,Indonesia
2015,193.7,Mexico
2015,192.4,Iran
2015,158.1,Poland
2015,133.9,Turkey
2015,135.6,Kazakhstan
2015,150.7,United Kingdom
2015,123.5,Malaysia
2015,120.9,Italy
2015,110.3,Thailand
2015,94.7,Ukraine
2015,97.8,Egypt
2015,89.8,Iraq
2015,119.9,Brazil
2015,75,United Arab Emirates
2015,100.4,Spain
2015,73.6,Vietnam
2015,72.8,Argentina
2015,73.2,Netherlands
2015,58.4,Czech Republic
2015,59.8,Kuwait
2015,59,Venezuela
2015,51.9,Philippines
2015,51.2,Qatar
2015,50.3,France
2015,49.6,Algeria
2015,45.5,Pakistan
2015,41.2,Israel
2015,42.2,Uzbekistan
2015,35.4,Chile
2015,33.6,Bangladesh
2015,34.6,Greece
2015,32.3,Serbia
2015,31.2,Belarus
2015,31.8,Romania
2015,22.3,Colombia
2015,29.5,Bulgaria
2015,24.1,Nigeria
2015,25.9,Turkmenistan
2015,25,Singapore
2015,24,Oman
2015,24.2,Bahrain
2015,23.4,Belgium
2015,21.6,Portugal
2015,20.2,Finland
2015,22.2,Morocco
2015,20.1,Austria
2015,24.3,Libya
2015,15.7,Peru
2015,12.8,Bosnia and Herzegovina
2015,14.5,Azerbaijan
2015,12.7,Denmark
2015,14,Norway
2015,13,Hungary
2015,13,Lebanon
2015,12.1,Ireland
2015,11.4,Estonia
2015,14.2,Trinidad and Tobago
2015,12,Syria
2015,11.8,Slovakia
2015,11.3,Dominican Republic
2015,11.7,Mongolia
2015,14.2,Cuba
2015,11.8,Jordan
2015,9,Sweden
2015,10.1,Ecuador
2015,9.8,Tunisia
2015,6.8,Sri Lanka
2015,5.7,Myanmar
2015,4.2,Sudan
2015,7.2,New Zealand
2015,7.2,Zimbabwe
2015,4.7,Bolivia
2015,4.8,Guatemala
2015,4.6,Slovenia
2015,4.8,Croatia
2015,4.1,Brunei
2015,4.1,Angola
2015,3.6,North Korea
2015,4,Côte d'Ivoire
2015,3.8,Botswana
2015,4,Macedonia
2015,3.6,Moldova
2015,3.5,Honduras
2015,4.4,Yemen
2015,2.9,Cyprus
2015,3,Switzerland
2015,2.8,Senegal
2015,2.5,Cambodia
2015,3.2,Lithuania
2015,3.3,Ghana
2015,2.6,Jamaica
2015,3.2,Panama
2015,2.4,Mauritius
2015,2.1,Cameroon
2015,3,Kyrgyzstan
2015,1.2,Kenya
2015,1.9,Latvia
2015,2.8,Tanzania
2015,1.5,El Salvador
2015,1.6,Nicaragua
2015,1.3,Armenia
2015,1.6,Montenegro
2015,1.3,Mozambique
2015,1.3,Georgia
2015,0.9,Gabon
2015,1,Haiti
2015,0.8,Suriname
2015,1.1,Uruguay
2015,0.8,South Sudan
2015,0.8,Malta
2015,0.3,Zambia
2015,0.3,Tajikistan
2015,0.5,Niger
2015,0.5,Republic of Congo
2015,0.3,Eritrea
2015,0.5,Luxembourg
2015,0.3,Benin
2015,0,Namibia
2015,0.1,Albania
2015,0.1,Costa Rica
2015,0,Paraguay
2015,0,Democratic Republic of the Congo
2015,0,Togo
2015,0,Iceland
2015,0,Nepal
2015,0,Ethiopia
2016,15005.3,World
2016,4644.1,China
2016,2145.5,United States
2016,1157.5,European Union (27)
2016,1111.3,India
2016,840,Russia
2016,610.2,Japan
2016,356.6,South Korea
2016,345.9,Germany
2016,279.9,South Africa
2016,274.7,Saudi Arabia
2016,235.7,Australia
2016,213.4,Canada
2016,206.6,Indonesia
2016,196.1,Mexico
2016,195.1,Iran
2016,157.9,Poland
2016,146.5,Turkey
2016,141.3,Kazakhstan
2016,125.2,United Kingdom
2016,118.5,Malaysia
2016,118.1,Italy
2016,110.1,Thailand
2016,105.2,Ukraine
2016,100.4,Egypt
2016,96.7,Iraq
2016,95.8,Brazil
2016,88.2,United Arab Emirates
2016,86.4,Spain
2016,73.9,Vietnam
2016,73.8,Argentina
2016,71.1,Netherlands
2016,59.2,Czech Republic
2016,57.4,Kuwait
2016,56.6,Venezuela
2016,56.1,Philippines
2016,51.9,Qatar
2016,51.3,France
2016,47.8,Algeria
2016,46.2,Pakistan
2016,40.1,Israel
2016,39,Uzbekistan
2016,37.1,Chile
2016,36.3,Bangladesh
2016,33.1,Greece
2016,32.2,Serbia
2016,30.9,Belarus
2016,29.9,Romania
2016,28,Colombia
2016,26.1,Bulgaria
2016,26.1,Nigeria
2016,25.9,Turkmenistan
2016,25.7,Singapore
2016,23.8,Oman
2016,23.6,Bahrain
2016,22.2,Belgium
2016,22,Portugal
2016,21.7,Finland
2016,21.6,Morocco
2016,19.4,Austria
2016,19.3,Libya
2016,17.6,Peru
2016,14.9,Bosnia and Herzegovina
2016,14.3,Azerbaijan
2016,13.8,Denmark
2016,13.6,Norway
2016,13.4,Hungary
2016,13.2,Lebanon
2016,12.9,Ireland
2016,12.6,Estonia
2016,12.6,Trinidad and Tobago
2016,12,Syria
2016,11.8,Slovakia
2016,11.8,Dominican Republic
2016,11.7,Mongolia
2016,11.7,Cuba
2016,10.4,Jordan
2016,9.9,Sweden
2016,9.2,Ecuador
2016,9.1,Tunisia
2016,8.7,Sri Lanka
2016,7.4,Myanmar
2016,6.3,Sudan
2016,6.2,New Zealand
2016,6.2,Zimbabwe
2016,5.6,Bolivia
2016,5.1,Guatemala
2016,4.9,Slovenia
2016,4.9,Croatia
2016,4.5,Brunei
2016,4.3,Angola
2016,4.1,North Korea
2016,4,Côte d'Ivoire
2016,3.6,Botswana
2016,3.6,Macedonia
2016,3.5,Moldova
2016,3.4,Honduras
2016,3.3,Yemen
2016,3.2,Cyprus
2016,3.1,Switzerland
2016,3.1,Senegal
2016,3,Cambodia
2016,3,Lithuania
2016,2.7,Ghana
2016,2.7,Jamaica
2016,2.6,Panama
2016,2.4,Mauritius
2016,2.2,Cameroon
2016,1.9,Kyrgyzstan
2016,1.9,Kenya
2016,1.9,Latvia
2016,1.8,Tanzania
2016,1.6,El Salvador
2016,1.5,Nicaragua
2016,1.2,Armenia
2016,1.2,Montenegro
2016,1.2,Mozambique
2016,1.1,Georgia
2016,1,Gabon
2016,1,Haiti
2016,0.9,Suriname
2016,0.8,Uruguay
2016,0.7,South Sudan
2016,0.6,Malta
2016,0.6,Zambia
2016,0.5,Tajikistan
2016,0.5,Niger
2016,0.5,Republic of Congo
2016,0.3,Eritrea
2016,0.3,Luxembourg
2016,0.3,Benin
2016,0.1,Namibia
2016,0.1,Albania
2016,0.1,Costa Rica
2016,0,Paraguay
2016,0,Democratic Republic of the Congo
2016,0,Togo
2016,0,Iceland
2016,0,Nepal
2016,0,Ethiopia
